Address,Full Address,Latitude,Longitude
"98 Edinburgh St, San Francisco, CA 94112, USA","98, Edinburgh Street, Excelsior, San Francisco, California, 94112, United States",37.727605,-122.427311
"237 Accacia St, Daly City, CA 94014, USA","237, Accacia Street, Bayshore, Daly City, San Mateo County, California, 94014, United States",37.70439096918921,-122.4159152
"1835 Folsom St, San Francisco, CA 94103, USA","1835, Folsom Street, Mission District, San Francisco, California, 94103, United States",37.76795024489796,-122.4154542
"170 Cambridge St, San Francisco, CA 94134, USA","170, Cambridge Street, St. Mary's Park, San Francisco, California, 94134, United States",37.7296632,-122.4196762
"16 Roanoke St, San Francisco, CA 94131, USA","16, Roanoke Street, Glen Park, San Francisco, California, 94112, United States",37.736296100000004,-122.431219
"222 Whittier St, Daly City, CA 94014, USA","222, Whittier Street, Daly City, San Mateo County, California, 94014, United States",37.707464877551025,-122.4469205
"13 Hyde St, San Francisco, CA 94102, USA","13, Hyde Street, Civic Center, South of Market, San Francisco, California, 94102, United States",37.77905663265306,-122.4151081
"2919 Geneva Ave, Daly City, CA 94014, USA","2919, Geneva Avenue, Bayshore, Daly City, San Mateo County, California, 94014, United States",37.70663717630994,-122.4137954
"100 Larkin St, San Francisco, CA 94102, USA","San Francisco Main Library, 100, Larkin Street, Civic Center, South of Market, San Francisco, California, 94102, United States",37.779196850000005,-122.4157854
"230 Murray St, San Francisco, CA 94112, USA","230, Murray Street, St. Mary's Park, San Francisco, California, 94134, United States",37.7334893,-122.4230161
"45 Sanchez St, San Francisco, CA 94114, USA","43;45, Sanchez Street, Western Addition, San Francisco, California, 94143, United States",37.76850065,-122.4309756
"2300 16th St, San Francisco, CA 94103, USA","Jamba, 2300, 16th Street, Mission District, San Francisco, California, 94103, United States",37.7665115,-122.4087
"838 Schwerin St, Daly City, CA 94014, USA","838, Schwerin Street, Bayshore, Daly City, San Mateo County, California, 94014, United States",37.70383577228093,-122.4144646
"2111 Revere Ave, San Francisco, CA 94124, USA","2111, Revere Avenue, Silver Terrace, Bayview District, San Francisco, California, 94124, United States",37.737062571428574,-122.3998559
"435 Vienna St, San Francisco, CA 94112, USA","435, Vienna Street, Excelsior, San Francisco, California, 94112, United States",37.7213708,-122.4294766
"80 Risel Ave, Daly City, CA 94014, USA","80, Risel Avenue, Daly City, San Mateo County, California, 94014, United States",37.70599599508202,-122.4505694
"928 Persia Ave, San Francisco, CA 94112, USA","928, Persia Avenue, Excelsior, San Francisco, California, 94112, United States",37.71938175,-122.4284826
"2711 Scott St, San Francisco, CA 94123, USA","2711, Scott Street, Lower Pacific Heights, Western Addition, San Francisco, California, 94115, United States",37.79510125,-122.4404078
"801 Lisbon St, San Francisco, CA 94112, USA","801, Lisbon Street, Excelsior, San Francisco, California, 94112, United States",37.716119649999996,-122.4377401
"201 Schwerin St, San Francisco, CA 94134, USA","201, Schwerin Street, Visitacion Valley, San Francisco, California, 94134, United States",37.7103853,-122.4112804
"645 Harrison St, San Francisco, CA 94107, USA","645, Harrison Street, Rincon Hill, South of Market, San Francisco, California, 94107, United States",37.7833879,-122.3957347
"1560 Folsom St, San Francisco, CA 94103, USA","1560, Folsom Street, Hayes Valley, Mission District, San Francisco, California, 94103, United States",37.77128941666667,-122.4147618
"98 Lisbon St, San Francisco, CA 94112, USA","98, Lisbon Street, Excelsior, San Francisco, California, 94112, United States",37.726811,-122.430089
"160 Charter Oak Ave, San Francisco, CA 94124, USA","160, Charter Oak Avenue, Silver Terrace, Bayview District, San Francisco, California, 94124, United States",37.73462518367347,-122.4046749
"53 Everson St, San Francisco, CA 94131, USA","53, Everson Street, Glen Park, San Francisco, California, 94131, United States",37.73839670644726,-122.4305031
"869 Schwerin St, Daly City, CA 94014, USA","869, Schwerin Street, Bayshore, Daly City, San Mateo County, California, 94014, United States",37.703167883578246,-122.4145405
"3380 Mission St, San Francisco, CA 94110, USA","3380, Mission Street, Bernal Heights, San Francisco, California, 94110, United States",37.742959,-122.421707
"2435 Union St, San Francisco, CA 94123, USA","2435, Union Street, Cow Hollow, San Francisco, California, 94123, United States",37.796395700000005,-122.439241
"43 Ervine St, San Francisco, CA 94134, USA","43, Ervine Street, Visitacion Valley, San Francisco, California, 94134, United States",37.71697745,-122.4085381
"555 9th St, San Francisco, CA 94103, USA","Trader Joe's, 555, 9th Street, West SoMa, South of Market, San Francisco, California, 94103, United States",37.7709988,-122.4077368
"1169 Geneva Ave, San Francisco, CA 94112, USA","1169, Geneva Avenue, Crocker-Amazon, San Francisco, California, 94112, United States",37.71453313,-122.436576
"16 Navajo Ave, San Francisco, CA 94112, USA","16, Navajo Avenue, Outer Mission, San Francisco, California, 94112, United States",37.719730999999996,-122.4432249
"3178 17th St, San Francisco, CA 94110, USA","3178, 17th Street, Mission District, San Francisco, California, 90110, United States",37.7638276,-122.4168337
"125 Lisbon St, San Francisco, CA 94112, USA","125, Lisbon Street, Excelsior, San Francisco, California, 94112, United States",37.7262065,-122.4300771
"55 Curtis St, San Francisco, CA 94112, USA","55, Curtis Street, Crocker-Amazon, San Francisco, California, 94112, United States",37.7139484,-122.4395655
"2697 Union St, San Francisco, CA 94123, USA","2693;2697;2699, Union Street, Cow Hollow, San Francisco, California, 94123, United States",37.79594885,-122.4434719
"669 Silver Ave, San Francisco, CA 94134, USA","669, Silver Avenue, St. Mary's Park, San Francisco, California, 94134, United States",37.728995,-122.4222343
"431 Murray St, San Francisco, CA 94110, USA","431, Murray Street, Bernal Heights, San Francisco, California, 94110, United States",37.73533148979592,-122.4203048
"3048 Geneva Ave, Daly City, CA 94014, USA","3048, Geneva Avenue, Bayshore, Daly City, San Mateo County, California, 94014, United States",37.70603568979111,-122.4122631
"2498 Vallejo St, San Francisco, CA 94123, USA","2498, Vallejo Street, Cow Hollow, San Francisco, California, 94123, United States",37.794908,-122.438265
"1923 Folsom St, San Francisco, CA 94103, USA","1923, Folsom Street, Mission District, San Francisco, California, 94103, United States",37.766511102040816,-122.4153176
"146 Valley St, San Francisco, CA 94131, USA","146;148, Valley Street, Noe Valley, San Francisco, California, 94114, United States",37.74475685,-122.4256243
"1608 Felton St, San Francisco, CA 94134, USA","1608, Felton Street, Portola, San Francisco, California, 94134, United States",37.725987200000006,-122.4210243
"35 Santa Fe Ave, San Francisco, CA 94124, USA","35, Santa Fe Avenue, Silver Terrace, Bayview District, San Francisco, California, 94124, United States",37.73441865,-122.4008562
"330 Harvard St, San Francisco, CA 94134, USA","330, Harvard Street, St. Mary's Park, San Francisco, California, 94134, United States",37.7253779,-122.4204034
"231 Duncan St, San Francisco, CA 94131, USA","231, Duncan Street, Noe Valley, San Francisco, California, 94114, United States",37.7460104,-122.4254479
"335 Arleta Ave, San Francisco, CA 94134, USA","335, Arleta Avenue, Visitacion Valley, San Francisco, California, 94134, United States",37.71461378,-122.4097133
"924 Naples St, San Francisco, CA 94112, USA","924, Naples Street, Excelsior, San Francisco, California, 94112, United States",37.715126350000006,-122.4358353
"59 Risel Ave, Daly City, CA 94014, USA","59, Risel Avenue, Daly City, San Mateo County, California, 94014, United States",37.70598592494455,-122.4500712
"895 Foerster St, San Francisco, CA 94127, USA","895, Foerster Street, Sunnyside, San Francisco, California, 94131, United States",37.7357315,-122.4466573
"157 Noe St, San Francisco, CA 94114, USA","151;157;159, Noe Street, Western Addition, San Francisco, California, 94143, United States",37.76649895,-122.4330744
"600 Persia Ave, San Francisco, CA 94112, USA","600, Persia Avenue, Excelsior, San Francisco, California, 94112, United States",37.7206111,-122.4311856
"661 Twin Peaks Blvd, San Francisco, CA 94114, USA","661, Twin Peaks Boulevard, Midtown Terrace, San Francisco, California, 94131, United States",37.751361558516116,-122.4486349
"15 Boutwell St, San Francisco, CA 94124, USA","1;15;25, Boutwell Street, Silver Terrace, Bayview District, San Francisco, California, 94124, United States",37.73772545,-122.4055675
"72 Risel Ave, Daly City, CA 94014, USA","72, Risel Avenue, Daly City, San Mateo County, California, 94014, United States",37.706049555644405,-122.4504124
"777 Twin Peaks Blvd, San Francisco, CA 94131, USA","777, Twin Peaks Boulevard, Midtown Terrace, San Francisco, California, 94131, United States",37.750753212426545,-122.448225
"135 Morse St, San Francisco, CA 94112, USA","135, Morse Street, Crocker-Amazon, San Francisco, California, 94112, United States",37.7129013,-122.4390726
"210 Alemany Blvd, San Francisco, CA 94134, USA","210, Alemany Boulevard, San Francisco, California, 94110, United States",37.736459826456574,-122.4091102
"86A Conkling St, San Francisco, CA 94124, USA","Conkling Street, Silver Terrace, Bayview District, San Francisco, California, 94124, United States",37.73567865,-122.4019264
"562 Ellington Ave, San Francisco, CA 94112, USA","562, Ellington Avenue, Outer Mission, San Francisco, California, 94112, United States",37.7105229,-122.4491662
"2760 Vallejo St, San Francisco, CA 94123, USA","2760, Vallejo Street, Cow Hollow, San Francisco, California, 94115, United States",37.7943994,-122.4429076
"52 Isis St, San Francisco, CA 94103, USA","52, Isis Street, West SoMa, Mission District, San Francisco, California, 94103, United States",37.7700057,-122.4148592
"29 Athens St, San Francisco, CA 94112, USA","29, Athens Street, St. Mary's Park, San Francisco, California, 94112, United States",37.727461999999996,-122.4239484
"2300 16th St, San Francisco, CA 94103, USA","Jamba, 2300, 16th Street, Mission District, San Francisco, California, 94103, United States",37.7665115,-122.4087
"650 Harrison St, San Francisco, CA 94107, USA","650, Harrison Street, Rincon Hill, South of Market, San Francisco, California, 94107, United States",37.78338348,-122.3964821
"324 Frankfort St, Daly City, CA 94014, USA","324, Frankfort Street, Daly City, San Mateo County, California, 94014, United States",37.70499826074243,-122.4485001
"45 Joost Ave, San Francisco, CA 94131, USA","45, Joost Avenue, Glen Park, San Francisco, California, 94112, United States",37.73224515,-122.4361842
"94 Addison St, San Francisco, CA 94131, USA","94, Addison Street, Glen Park, San Francisco, California, 94131, United States",37.73764590995081,-122.4312817
"56 Curtis St, San Francisco, CA 94112, USA","56, Curtis Street, Crocker-Amazon, San Francisco, California, 94112, United States",37.713963899999996,-122.4400883
"1600 15th St, San Francisco, CA 94103, USA","Vara Apartments, 1600, 15th Street, Mission District, San Francisco, California, 94103, United States",37.7669869,-122.4205174
"148 29th St, San Francisco, CA 94110, USA","148;150;152, 29th Street, San Francisco, California, 90110, United States",37.744070449999995,-122.423463
"61 Valley St, San Francisco, CA 94110, USA","61;63, Valley Street, Noe Valley, San Francisco, California, 94114, United States",37.744496049999995,-122.4235001
"1619 13th St, San Francisco, CA 94103, USA","13th Street, Mission District, San Francisco, California, 94103, United States",37.769485966721845,-122.4112691
"531 College Ave, San Francisco, CA 94112, USA","531, College Avenue, St. Mary's Park, San Francisco, California, 94134, United States",37.732448000000005,-122.4232358
"2032 Revere Ave, San Francisco, CA 94124, USA","2032, Revere Avenue, Silver Terrace, Bayview District, San Francisco, California, 94124, United States",37.735968,-122.398167
"1183 Munich St, San Francisco, CA 94112, USA","1183, Munich Street, Crocker-Amazon, San Francisco, California, 94112, United States",37.7107955,-122.4379348
"100 Polk St, San Francisco, CA 94102, USA","100, Polk Street, Civic Center, San Francisco, California, 94102, United States",37.777647,-122.417966
"303 2nd St, San Francisco, CA 94107, USA","Social 303, 303, 2nd Street, Transbay, South of Market, San Francisco, California, 94107, United States",37.7847893,-122.395484
"510 Bellevue Ave, Daly City, CA 94014, USA","510, Bellevue Avenue, Top of the Hill, Daly City, San Mateo County, California, 94014, United States",37.70483052528343,-122.4515795
"243 Oriente St, Daly City, CA 94014, USA","243, Oriente Street, Bayshore, Daly City, San Mateo County, California, 94014, United States",37.70406052851261,-122.415109
"2698 Vallejo St, San Francisco, CA 94123, USA","2698, Vallejo Street, Cow Hollow, San Francisco, California, 94123, United States",37.794486,-122.441583
"120 Cuvier St, San Francisco, CA 94112, USA","120, Cuvier Street, St. Mary's Park, San Francisco, California, 94112, United States",37.732998550000005,-122.4286618
"738 Silver Ave, San Francisco, CA 94134, USA","738, Silver Avenue, St. Mary's Park, San Francisco, California, 94134, United States",37.72883612462516,-122.4207149
"417 S Van Ness Ave, San Francisco, CA 94103, USA","415;417;419;421, South Van Ness Avenue, Mission District, San Francisco, California, 90110, United States",37.766479700000005,-122.4174152
"34 Britton St, San Francisco, CA 94134, USA","34, Britton Street, Visitacion Valley, San Francisco, California, 94134, United States",37.7134255,-122.4124035
"1830 Harrison St, San Francisco, CA 94103, USA","Baklava Story, 1830, Harrison Street, Mission District, San Francisco, California, 90110, United States",37.7680622,-122.4135732
"299 Utah St, San Francisco, CA 94103, USA","299, Utah Street, Mission District, San Francisco, California, 94103, United States",37.765971,-122.406461
"80, San Francisco, CA 94105, USA",Not Found,37.781184,-122.397985
"1798 Visitacion Ave, San Francisco, CA 94134, USA","Visitacion Avenue, Visitacion Valley, San Francisco, California, 94134, United States",37.71691629,-122.4121161
"2949 Divisadero St, San Francisco, CA 94123, USA","2949, Divisadero Street, Pacific Heights, San Francisco, California, 94123, United States",37.7968911,-122.4424903
"45 Cayuga Ave, San Francisco, CA 94112, USA","45, Cayuga Avenue, Excelsior, San Francisco, California, 94112, United States",37.73142926086957,-122.4295624
"33 Gambier St, San Francisco, CA 94134, USA","33, Gambier Street, St. Mary's Park, San Francisco, California, 94134, United States",37.7284155,-122.4222974
"417 Rolph St, San Francisco, CA 94112, USA","417, Rolph Street, Crocker-Amazon, San Francisco, California, 94112, United States",37.7128371,-122.434507
"98 Norfolk St, San Francisco, CA 94103, USA","98, Norfolk Street, West SoMa, Mission District, San Francisco, California, 94103, United States",37.770395,-122.412938
"270 Potrero Ave, San Francisco, CA 94103, USA","Potrero Avenue, South of Market, San Francisco, California, 90103, United States",37.76916589262625,-122.4079531
"43 Woodward St, San Francisco, CA 94103, USA","43;45;47, Woodward Street, Mission District, San Francisco, California, 90110, United States",37.769179550000004,-122.420732
"966 Geneva Ave, San Francisco, CA 94112, USA","966;968, Geneva Avenue, Crocker-Amazon, San Francisco, California, 94112, United States",37.715729100000004,-122.4401727
"114 Rousseau St, San Francisco, CA 94112, USA","114, Rousseau Street, St. Mary's Park, San Francisco, California, 94112, United States",37.732901,-122.4304172
"241 Excelsior Ave, San Francisco, CA 94112, USA","241, Excelsior Avenue, Excelsior, San Francisco, California, 94112, United States",37.725297100000006,-122.4313069
"416 Leland Ave, San Francisco, CA 94134, USA","416, Leland Avenue, McLaren Park Community Garden, San Francisco, California, 94134, United States",37.7139778,-122.4120011
"131 Milton St, San Francisco, CA 94112, USA","131, Milton Street, St. Mary's Park, San Francisco, California, 94112, United States",37.73282015,-122.4291144
"56 Mercury St, San Francisco, CA 94124, USA","56, Mercury Street, Silver Terrace, Bayview District, San Francisco, California, 94134, United States",37.731786,-122.4017439
"1932 Baker St, San Francisco, CA 94115, USA","1932, Baker Street, Anza Vista, Western Addition, San Francisco, California, 94115, United States",37.78911395,-122.4437996
"1499 Geneva Ave, San Francisco, CA 94112, USA","Geneva Avenue, Crocker-Amazon, San Francisco, California, 94112, United States",37.71303975768862,-122.4334146
"2716 Pacific Ave, San Francisco, CA 94115, USA","2716, Pacific Avenue, Pacific Heights, San Francisco, California, 94115, United States",37.79275675510204,-122.440058
"98 Erie St, San Francisco, CA 94103, USA","98, Erie Street, Mission District, San Francisco, California, 94103, United States",37.769289,-122.417635
"2300 16th St, San Francisco, CA 94103, USA","Jamba, 2300, 16th Street, Mission District, San Francisco, California, 94103, United States",37.7665115,-122.4087
"6 Mateo St, San Francisco, CA 94131, USA","6, Mateo Street, Glen Park, San Francisco, California, 94112, United States",37.73721895,-122.4301127
"1433 Silliman St, San Francisco, CA 94134, USA","1433, Silliman Street, Silver Terrace, Bayview District, San Francisco, California, 94134, United States",37.72733275,-122.4194106
"680 Twin Peaks Blvd, San Francisco, CA 94131, USA","680, Twin Peaks Boulevard, Midtown Terrace, San Francisco, California, 94131, United States",37.751198988060125,-122.4487018
"1200 15th St, San Francisco, CA 94103, USA","Animal Care & Control, 1200, 15th Street, Mission District, San Francisco, California, 94103, United States",37.7671002,-122.4129866
"899 14th St, San Francisco, CA 94114, USA","899, 14th Street, Duboce Triangle, Mission District, San Francisco, California, 94143, United States",37.7674239,-122.433138
"36 Maynard St, San Francisco, CA 94112, USA","36, Maynard Street, St. Mary's Park, San Francisco, California, 94112, United States",37.7290945,-122.4298186
"518 Laidley St, San Francisco, CA 94131, USA","518, Laidley Street, Glen Park, San Francisco, California, 94112, United States",37.735969049999994,-122.4311959
"3380 Mission St, San Francisco, CA 94110, USA","3380, Mission Street, Bernal Heights, San Francisco, California, 94110, United States",37.742959,-122.421707
"140 Charter Oak Ave, San Francisco, CA 94124, USA","140, Charter Oak Avenue, Silver Terrace, Bayview District, San Francisco, California, 94124, United States",37.73471212244898,-122.4046833
"720 Morse St, San Francisco, CA 94112, USA","718;720, Morse Street, Outer Mission, San Francisco, California, 94112, United States",37.711084549999995,-122.4466471
"2150 Alemany Blvd, San Francisco, CA 94112, USA","2150, Alemany Boulevard, Outer Mission, San Francisco, California, 94112, United States",37.7183012,-122.442118
"631 Hanover St, Daly City, CA 94014, USA","631, Hanover Street, Top of the Hill, Daly City, San Mateo County, California, 94014, United States",37.706780280041876,-122.4498634
"1690 Folsom St, San Francisco, CA 94103, USA","1690, Folsom Street, Mission District, San Francisco, California, 94103, United States",37.7700188,-122.4161027
"502 Naples St, San Francisco, CA 94112, USA","502, Naples Street, Excelsior, San Francisco, California, 94112, United States",37.72076551020408,-122.4313948
"166 Oxford St, San Francisco, CA 94134, USA","166, Oxford Street, St. Mary's Park, San Francisco, California, 94134, United States",37.72777220408163,-122.4201587
"835 Twin Peaks Blvd, San Francisco, CA 94131, USA","835, Twin Peaks Boulevard, Midtown Terrace, San Francisco, California, 94131, United States",37.75009533034836,-122.447083
"45 Sanchez St, San Francisco, CA 94114, USA","43;45, Sanchez Street, Western Addition, San Francisco, California, 94143, United States",37.76850065,-122.4309756
"1131 Geneva Ave, San Francisco, CA 94112, USA","1131, Geneva Avenue, Crocker-Amazon, San Francisco, California, 94112, United States",37.71483688,-122.4372506
"2166 Market St, San Francisco, CA 94114, USA","2166, Market Street, Duboce Triangle, Mission District, San Francisco, California, 94114, United States",37.76662271,-122.430329
"326 Hampshire St, San Francisco, CA 94110, USA","326, Hampshire Street, Mission District, San Francisco, California, 94110, United States",37.765140732558145,-122.4085933
"114 Crescent Ave, San Francisco, CA 94110, USA","114, Crescent Avenue, St. Mary's Park, San Francisco, California, 94134, United States",37.73498835,-122.4218002
"925 Chenery St, San Francisco, CA 94131, USA","925, Chenery Street, Glen Park, San Francisco, California, 94112, United States",37.73499965,-122.4379516
"318 Excelsior Ave, San Francisco, CA 94112, USA","310;318, Excelsior Avenue, Excelsior, San Francisco, California, 94112, United States",37.72475615,-122.430932
"299 Melrose Ave, San Francisco, CA 94127, USA","299, Melrose Avenue, Sunnyside, San Francisco, California, 94127, United States",37.733728,-122.448722
"41 Britton St, San Francisco, CA 94134, USA","41, Britton Street, Visitacion Valley, San Francisco, California, 94134, United States",37.71324225,-122.4120785
"233 Pope St, San Francisco, CA 94112, USA","233, Pope Street, Crocker-Amazon, San Francisco, California, 94112, United States",37.71229405,-122.4402542
"160 Bemis St, San Francisco, CA 94131, USA","160, Bemis Street, Glen Park, San Francisco, California, 94112, United States",37.73730115,-122.4308169
"200 Cordova St, San Francisco, CA 94112, USA","200, Cordova Street, Crocker-Amazon, San Francisco, California, 94112, United States",37.71142825,-122.4357344
"81 Tiffany Ave, San Francisco, CA 94110, USA","79;81, Tiffany Avenue, San Francisco, California, 90110, United States",37.745486400000004,-122.420825
"45 Wilder St, San Francisco, CA 94131, USA","45, Wilder Street, Glen Park, San Francisco, California, 94112, United States",37.73393375,-122.4332447
"3099 Washington St, San Francisco, CA 94115, USA","3099, Washington Street, Presidio Terrace, Richmond District, San Francisco, California, 94118, United States",37.79019285,-122.4439781
"50 Tiffany Ave, San Francisco, CA 94110, USA","50, Tiffany Avenue, San Francisco, California, 90110, United States",37.745897400000004,-122.4210644
"13th St, San Francisco, CA 94103, USA","13th Street, Mission District, San Francisco, California, 94103, United States",37.7695573,-122.412632
"574 Campbell Ave, San Francisco, CA 94134, USA","574, Campbell Avenue, Visitacion Valley, San Francisco, California, 94134, United States",37.71584285,-122.4077212
"5601 Mission St, San Francisco, CA 94112, USA","Animal Farm Pet Hospital, 5601, Mission Street, Outer Mission, San Francisco, California, 94112, United States",37.7112751,-122.446421
"474 Naples St, San Francisco, CA 94112, USA","474, Naples Street, Excelsior, San Francisco, California, 94112, United States",37.721302,-122.4312089
"1574 Howard St, San Francisco, CA 94103, USA","1570;1572;1574, Howard Street, West SoMa, Mission District, San Francisco, California, 94103, United States",37.7722827,-122.4168371
"717 Delta St, San Francisco, CA 94134, USA","717, Delta Street, Visitacion Valley, San Francisco, California, 94134, United States",37.711561599999996,-122.4096712
"1695 Mission St, San Francisco, CA 94103, USA","Discount Builders Supply, 1695, Mission Street, Hayes Valley, Mission District, San Francisco, California, 94103, United States",37.7704188,-122.4190897
"2399 Greenwich St, San Francisco, CA 94123, USA","2399, Greenwich Street, Cow Hollow, San Francisco, California, 94123, United States",37.798471,-122.438986
"1532 Silliman St, San Francisco, CA 94134, USA","1532, Silliman Street, Silver Terrace, Bayview District, San Francisco, California, 94134, United States",37.72741535,-122.4205231
"281 Oriente St, Daly City, CA 94014, USA","281, Oriente Street, Bayshore, Daly City, San Mateo County, California, 94014, United States",37.70347308102562,-122.41537
"360 Laidley St, San Francisco, CA 94131, USA","360, Laidley Street, Glen Park, San Francisco, California, 94112, United States",37.7374255,-122.4291614
"2544 Vallejo St, San Francisco, CA 94123, USA","2544, Vallejo Street, Cow Hollow, San Francisco, California, 94123, United States",37.7948783,-122.4392416
"517 Laidley St, San Francisco, CA 94131, USA","517, Laidley Street, Glen Park, San Francisco, California, 94112, United States",37.7357615,-122.4310346
"390 Melrose Ave, San Francisco, CA 94127, USA","390, Melrose Avenue, Westwood Park, San Francisco, California, 94112, United States",37.7339163,-122.451209
"3002 Pierce St, San Francisco, CA 94115, USA","3000;3002, Pierce Street, Cow Hollow, San Francisco, California, 94123, United States",37.7977654,-122.4387559
"455 Golden Gate Ave, San Francisco, CA 94102, USA","Hiram W. Johnson State Office Building, 455, Golden Gate Avenue, Civic Center, San Francisco, California, 94102, United States",37.7810445,-122.4179092
"69 Madison St, San Francisco, CA 94134, USA","69, Madison Street, St. Mary's Park, San Francisco, California, 94134, United States",37.7279551,-122.4232528
"1060 Brannan St, San Francisco, CA 94103, USA","1060, Brannan Street, South of Market, San Francisco, California, 94103, United States",37.76984344897959,-122.4074081
"564 Duboce Ave, San Francisco, CA 94117, USA","564, Duboce Avenue, Western Addition, San Francisco, California, 94117, United States",37.769143916666664,-122.4328269
"1818 Silver Ave, San Francisco, CA 94124, USA","1818, Silver Avenue, Silver Terrace, Bayview District, San Francisco, California, 94124, United States",37.734101499999994,-122.4024132
"446 Moscow St, San Francisco, CA 94112, USA","446, Moscow Street, Excelsior, San Francisco, California, 94134, United States",37.7206114,-122.4283999
"875 Schwerin St, Daly City, CA 94014, USA","875, Schwerin Street, Bayshore, Daly City, San Mateo County, California, 94014, United States",37.703103999963126,-122.4145688
"826 14th St, San Francisco, CA 94114, USA","830;828;826, 14th Street, Duboce Triangle, Mission District, San Francisco, California, 94143, United States",37.7677125,-122.4319256
"2055 Folsom St, San Francisco, CA 94110, USA","2055, Folsom Street, Mission District, San Francisco, California, 94110, United States",37.764366774193554,-122.4151148
"301 Amazon Ave, San Francisco, CA 94112, USA","301, Amazon Avenue, Excelsior, San Francisco, California, 94112, United States",37.7163547,-122.437623
"138 Edinburgh St, San Francisco, CA 94112, USA","138, Edinburgh Street, Excelsior, San Francisco, California, 94112, United States",37.7268906,-122.4279539
"2112 15th St, San Francisco, CA 94114, USA","Chase, 2112, 15th Street, Duboce Triangle, Mission District, San Francisco, California, 94114, United States",37.7661933,-122.4315105
"188 Elliot St, San Francisco, CA 94134, USA","188, Elliot Street, Visitacion Valley, San Francisco, California, 94134, United States",37.715245714285714,-122.4110548
"2975 Jackson St, San Francisco, CA 94115, USA","2973;2975, Jackson Street, Pacific Heights, San Francisco, California, 94115, United States",37.79105365,-122.4439124
"1606 Guerrero St, San Francisco, CA 94110, USA","1606, Guerrero Street, San Francisco, California, 94110, United States",37.74603883561644,-122.4224432
"38 Walter St, San Francisco, CA 94114, USA","38;40, Walter Street, Western Addition, San Francisco, California, 94143, United States",37.768497499999995,-122.4326423
"310 Alemany Blvd, San Francisco, CA 94110, USA","310, Alemany Boulevard, St. Mary's Park, San Francisco, California, 94110, United States",37.73456062398739,-122.4114635
"149 Paris St, San Francisco, CA 94112, USA","149, Paris Street, Excelsior, San Francisco, California, 94112, United States",37.72619435,-122.4312489
"198 Church St, San Francisco, CA 94114, USA","Churchill, 198, Church Street, Duboce Triangle, Mission District, San Francisco, California, 94114, United States",37.7678473,-122.4291843
"98 Norfolk St, San Francisco, CA 94103, USA","98, Norfolk Street, West SoMa, Mission District, San Francisco, California, 94103, United States",37.770395,-122.412938
"260 Acton St, Daly City, CA 94014, USA","260, Acton Street, Daly City, San Mateo County, California, 94014, United States",37.70558635704365,-122.4510473
"1656 15th St, San Francisco, CA 94103, USA","Centro Latino Cultural Center, 1656, 15th Street, Mission District, San Francisco, California, 94103, United States",37.7667833,-122.4212742
"115 Tiffany Ave, San Francisco, CA 94110, USA","115;117, Tiffany Avenue, San Francisco, California, 90110, United States",37.7450555,-122.4210902
"807 Bosworth St, San Francisco, CA 94131, USA","807, Bosworth Street, Glen Park, San Francisco, California, 94131, United States",37.734037785714285,-122.4359921
"366 Chenery St, San Francisco, CA 94131, USA","366, Chenery Street, Glen Park, San Francisco, California, 94112, United States",37.73679605,-122.4287476
"661 Twin Peaks Blvd, San Francisco, CA 94114, USA","661, Twin Peaks Boulevard, Midtown Terrace, San Francisco, California, 94131, United States",37.751361558516116,-122.4486349
"430 Leland Ave, San Francisco, CA 94134, USA","422;430, Leland Avenue, McLaren Park Community Garden, San Francisco, California, 94134, United States",37.71400815,-122.4123071
"42 Sanchez St, San Francisco, CA 94114, USA","40;42, Sanchez Street, Western Addition, San Francisco, California, 94143, United States",37.7685773,-122.4315508
"1 Naylor St, San Francisco, CA 94112, USA","1, Naylor Street, Crocker-Amazon, San Francisco, California, 94112, United States",37.711408500000005,-122.4339055
"598 14th St, San Francisco, CA 94103, USA","598, 14th Street, Duboce Triangle, Mission District, San Francisco, California, 94103, United States",37.767966,-122.42644
"934 Edinburgh St, San Francisco, CA 94112, USA","934, Edinburgh Street, Excelsior, San Francisco, California, 94112, United States",37.7153291,-122.4367769
"1643 Quint St, San Francisco, CA 94124, USA","1643, Quint Street, Silver Terrace, Bayview District, San Francisco, California, 94124, United States",37.73592735,-122.3973657
"699 Bayshore Blvd, San Francisco, CA 94124, USA","699, Bayshore Boulevard, Silver Terrace, Bayview District, San Francisco, California, 94124, United States",37.736406,-122.406563
"2154 16th St, San Francisco, CA 94103, USA","2154, 16th Street, Mission District, San Francisco, California, 94103, United States",37.765827431202396,-122.4081759
"30 Bernice St, San Francisco, CA 94103, USA","30, Bernice Street, Mission District, San Francisco, California, 94103, United States",37.7698849,-122.4141832
"290 Richland Ave, San Francisco, CA 94110, USA","290;292, Richland Avenue, Bernal Heights, San Francisco, California, 94134, United States",37.735613900000004,-122.4205115
"5620 Mission St, San Francisco, CA 94112, USA","5620, Mission Street, Outer Mission, San Francisco, California, 94112, United States",37.711400850000004,-122.4470524
"1606 Guerrero St, San Francisco, CA 94110, USA","1606, Guerrero Street, San Francisco, California, 94110, United States",37.74603883561644,-122.4224432
"376 Madison St, San Francisco, CA 94134, USA","376, Madison Street, St. Mary's Park, San Francisco, California, 94134, United States",37.7244552,-122.4221703
"876 Bayshore Blvd, San Francisco, CA 94124, USA","876, Bayshore Boulevard, Silver Terrace, Bayview District, San Francisco, California, 94124, United States",37.73234127169269,-122.4042285
"2545 Vallejo St, San Francisco, CA 94123, USA","2545, Vallejo Street, Cow Hollow, San Francisco, California, 94123, United States",37.79447315,-122.4394854
"820 Geneva Ave, San Francisco, CA 94112, USA","820, Geneva Avenue, Outer Mission, San Francisco, California, 94112, United States",37.7173534,-122.4421257
"709 Twin Peaks Blvd, San Francisco, CA 94131, USA","709, Twin Peaks Boulevard, Midtown Terrace, San Francisco, California, 94131, United States",37.75116654473998,-122.4472522
"499 Van Ness Ave, San Francisco, CA 94102, USA","499, Van Ness Avenue, Hayes Valley, San Francisco, California, 94102, United States",37.779936,-122.420433
"750 Persia Ave, San Francisco, CA 94112, USA","750, Persia Avenue, Excelsior, San Francisco, California, 94112, United States",37.720161149999996,-122.4301841
"1545 San Jose Avenue, San Francisco, CA 94112, USA","San Jose Avenue, Outer Mission, San Francisco, California, 94112, United States",37.71384833660182,-122.4524198
"45 Conkling St, San Francisco, CA 94124, USA","45, Conkling Street, Silver Terrace, Bayview District, San Francisco, California, 94124, United States",37.73578320460068,-122.4019158
"238 Madrid St, San Francisco, CA 94112, USA","238, Madrid Street, Excelsior, San Francisco, California, 94112, United States",37.725744399999996,-122.4299561
"92 Conkling St, San Francisco, CA 94124, USA","92, Conkling Street, Silver Terrace, Bayview District, San Francisco, California, 94124, United States",37.73489135,-122.4020354
"975 Athens St, San Francisco, CA 94112, USA","975, Athens Street, Crocker-Amazon, San Francisco, California, 94112, United States",37.71382075,-122.4339846
"24 Addison St, San Francisco, CA 94131, USA","24, Addison Street, Glen Park, San Francisco, California, 94131, United States",37.73798,-122.4303047
"1545 San Jose Avenue, San Francisco, CA 94112, USA","San Jose Avenue, Outer Mission, San Francisco, California, 94112, United States",37.71384833660182,-122.4524198
"125 Excelsior Ave, San Francisco, CA 94112, USA","125, Excelsior Avenue, Excelsior, San Francisco, California, 94112, United States",37.72581530612245,-122.4325387
"2 Everson St, San Francisco, CA 94131, USA","2, Everson Street, Glen Park, San Francisco, California, 94131, United States",37.738626,-122.429802
"158 Boutwell St, San Francisco, CA 94124, USA","158, Boutwell Street, Silver Terrace, Bayview District, San Francisco, California, 94134, United States",37.735143449999995,-122.4057858
"2273 16th St, San Francisco, CA 94103, USA","2273, 16th Street, Mission District, San Francisco, California, 94103, United States",37.76560049962393,-122.4092065
"69 Bemis St, San Francisco, CA 94131, USA","69, Bemis Street, Glen Park, San Francisco, California, 94112, United States",37.73763635,-122.4295164
"855 Geneva Ave, San Francisco, CA 94112, USA","855, Geneva Avenue, Outer Mission, San Francisco, California, 94112, United States",37.717259,-122.441398
"121 Tiffany Ave, San Francisco, CA 94110, USA","121, Tiffany Avenue, San Francisco, California, 90110, United States",37.745012,-122.4211495
"194 Park St, San Francisco, CA 94110, USA","San Francisco Fire Station 32, 194, Park Street, St. Mary's Park, San Francisco, California, 94110, United States",37.736298,-122.4211977
"3200 Washington St, San Francisco, CA 94115, USA","3200, Washington Street, Presidio Terrace, Richmond District, San Francisco, California, 94115, United States",37.790181,-122.446104
"124 Leese St, San Francisco, CA 94110, USA","124, Leese Street, St. Mary's Park, San Francisco, California, 94134, United States",37.7355548,-122.4230982
"1750 Harrison St, San Francisco, CA 94103, USA","1750, Harrison Street, Mission District, San Francisco, California, 94103, United States",37.76897925,-122.4142129
"158 27th St, San Francisco, CA 94110, USA","158, 27th Street, San Francisco, California, 90110, United States",37.7472802,-122.4237545
"625 Bayshore Blvd, San Francisco, CA 94124, USA","Best Tile, 625, Bayshore Boulevard, Silver Terrace, Bayview District, San Francisco, California, 94124, United States",37.737046199999995,-122.4061518
"20 Curtis St, San Francisco, CA 94112, USA","20, Curtis Street, Crocker-Amazon, San Francisco, California, 94112, United States",37.7147529,-122.4403952
"94 Joost Ave, San Francisco, CA 94131, USA","94, Joost Avenue, Glen Park, San Francisco, California, 94112, United States",37.73253015,-122.4372498
"3161 Sacramento St, San Francisco, CA 94115, USA","3161, Sacramento Street, Pacific Heights, San Francisco, California, 94115, United States",37.78836714285714,-122.444899
"2273 16th St, San Francisco, CA 94103, USA","2273, 16th Street, Mission District, San Francisco, California, 94103, United States",37.76560049962393,-122.4092065
"34 Bannock St, San Francisco, CA 94112, USA","34, Bannock Street, Outer Mission, San Francisco, California, 94112, United States",37.718834400000006,-122.4424608
"2350 Green St, San Francisco, CA 94115, USA","Saint Vincent De Paul School, 2350, Green Street, Cow Hollow, San Francisco, California, 94123, United States",37.79608935,-122.4379363
"307 Ottilia St, Daly City, CA 94014, USA","307, Ottilia Street, Bayshore, Daly City, San Mateo County, California, 94014, United States",37.70506433688009,-122.41593
"50 Fell St, San Francisco, CA 94102, USA","Mission Montessori, 50, Fell Street, Civic Center, San Francisco, California, 94102, United States",37.77666725,-122.418818
"981 Athens St, San Francisco, CA 94112, USA","981, Athens Street, Crocker-Amazon, San Francisco, California, 94112, United States",37.7137505,-122.4340065
"125 Hayes St, San Francisco, CA 94102, USA","125, Hayes Street, Civic Center, San Francisco, California, 94102, United States",37.77744838461538,-122.4191861
"50 Everson St, San Francisco, CA 94131, USA","50, Everson Street, Glen Park, San Francisco, California, 94131, United States",37.73857950013746,-122.4303319
"1225 Naples St, San Francisco, CA 94112, USA","1225, Naples Street, Crocker-Amazon, San Francisco, California, 94112, United States",37.7113454,-122.4379875
"730 Silver Ave, San Francisco, CA 94134, USA","730, Silver Avenue, St. Mary's Park, San Francisco, California, 94134, United States",37.72877080000001,-122.42098
"1469 Harrison St, San Francisco, CA 94103, USA","1469, Harrison Street, West SoMa, Mission District, San Francisco, California, 94103, United States",37.77090130263158,-122.4122835
"649 San Jose Avenue, San Francisco, CA 94110, USA","649, San Jose Avenue, San Francisco, California, 94110, United States",37.744883517241384,-122.4221673
"224 Murray St, San Francisco, CA 94112, USA","224, Murray Street, St. Mary's Park, San Francisco, California, 94134, United States",37.7334464,-122.4231244
"145 Hampshire St, San Francisco, CA 94103, USA","145, Hampshire Street, Mission District, San Francisco, California, 94103, United States",37.768059336734694,-122.4088297
"3 Maddux Ave, San Francisco, CA 94124, USA","3, Maddux Avenue, Silver Terrace, Bayview District, San Francisco, California, 94124, United States",37.7351011,-122.3980405
"551 Athens St, San Francisco, CA 94112, USA","551, Athens Street, Crocker-Amazon, San Francisco, California, 94112, United States",37.7192007,-122.4300437
"685 Twin Peaks Blvd, San Francisco, CA 94131, USA","685, Twin Peaks Boulevard, Midtown Terrace, San Francisco, California, 94131, United States",37.751156769154534,-122.448721
"2160 Market St, San Francisco, CA 94114, USA","2160, Market Street, Duboce Triangle, Mission District, San Francisco, California, 94114, United States",37.766703069516296,-122.4302216
"St. Luke's Hospital Garage, San Francisco, CA 94110, USA",Not Found,37.746773,-122.42115
"1798 Visitacion Ave, San Francisco, CA 94134, USA","Visitacion Avenue, Visitacion Valley, San Francisco, California, 94134, United States",37.71691629,-122.4121161
"22 Cuvier St, San Francisco, CA 94112, USA","22, Cuvier Street, St. Mary's Park, San Francisco, California, 94112, United States",37.73412955,-122.4288615
"155 Oriente St, Daly City, CA 94014, USA","155, Oriente Street, Bayshore, Daly City, San Mateo County, California, 94014, United States",37.70563513671657,-122.4144099
"3048 Geneva Ave, Daly City, CA 94014, USA","3048, Geneva Avenue, Bayshore, Daly City, San Mateo County, California, 94014, United States",37.70603568979111,-122.4122631
"212 29th St, San Francisco, CA 94131, USA","210;212, 29th Street, Noe Valley, San Francisco, California, 94114, United States",37.7439675,-122.42511
"98 Lisbon St, San Francisco, CA 94112, USA","98, Lisbon Street, Excelsior, San Francisco, California, 94112, United States",37.726811,-122.430089
"137 27th St, San Francisco, CA 94110, USA","137, 27th Street, San Francisco, California, 90110, United States",37.746956100000006,-122.4232931
"1174 Bryant St, San Francisco, CA 94103, USA","TLC Glass, Inc., 1174, Bryant Street, West SoMa, South of Market, San Francisco, California, 94103, United States",37.770694,-122.4097168
"598 Bosworth St, San Francisco, CA 94131, USA","598, Bosworth Street, Glen Park, San Francisco, California, 94131, United States",37.733655,-122.433958
"115 Mateo St, San Francisco, CA 94131, USA","115, Mateo Street, Glen Park, San Francisco, California, 94112, United States",37.7368259,-122.4292251
"1600 15th St, San Francisco, CA 94103, USA","Vara Apartments, 1600, 15th Street, Mission District, San Francisco, California, 94103, United States",37.7669869,-122.4205174
"2901 16th St, San Francisco, CA 94103, USA","Irma's Pampagna Restaurant, 2901, 16th Street, Mission District, San Francisco, California, 90110, United States",37.7650523,-122.4176658
"1399 15th St, San Francisco, CA 94103, USA","1399, 15th Street, Mission District, San Francisco, California, 94103, United States",37.766864,-122.415299
"134 Scotia Ave, San Francisco, CA 94124, USA","134, Scotia Avenue, Silver Terrace, Bayview District, San Francisco, California, 94124, United States",37.732591850000006,-122.4005498
"737 Rolph St, San Francisco, CA 94112, USA","737, Rolph Street, Crocker-Amazon, San Francisco, California, 94112, United States",37.71191870598295,-122.4313057
"2107 Lyon St, San Francisco, CA 94115, USA","Swedenborgian Church of San Francisco, 2107, Lyon Street, Anza Vista, Western Addition, San Francisco, California, 94115, United States",37.79041565,-122.4462299
"1399 15th St, San Francisco, CA 94103, USA","1399, 15th Street, Mission District, San Francisco, California, 94103, United States",37.766864,-122.415299
"531 Duboce Ave, San Francisco, CA 94117, USA","527;529;531, Duboce Avenue, Western Addition, San Francisco, California, 94143, United States",37.7690965,-122.4319776
"135 Kissling St, San Francisco, CA 94103, USA","133;135, Kissling Street, Hayes Valley, Mission District, San Francisco, California, 94103, United States",37.7718785,-122.4151799
"2505 Green St, San Francisco, CA 94123, USA","2505, Green Street, Cow Hollow, San Francisco, California, 94123, United States",37.7952169,-122.4407428
"2101 Thomas Ave, San Francisco, CA 94124, USA","2101, Thomas Avenue, Silver Terrace, Bayview District, San Francisco, California, 94124, United States",37.7355937,-122.4007333
"2 Pearl St, San Francisco, CA 94103, USA","2, Pearl Street, Hayes Valley, Mission District, San Francisco, California, 94103, United States",37.77124,-122.424065
"1200 15th St, San Francisco, CA 94103, USA","Animal Care & Control, 1200, 15th Street, Mission District, San Francisco, California, 94103, United States",37.7671002,-122.4129866
"1390 Market St, San Francisco, CA 94102, USA","Fox Plaza, 1390, Market Street, Civic Center, South of Market, San Francisco, California, 94102, United States",37.77720675,-122.4176952
"3222 Washington St, San Francisco, CA 94115, USA","3222;3224, Washington Street, Presidio Terrace, Richmond District, San Francisco, California, 94118, United States",37.79029315,-122.4464521
"345 Gambier St, San Francisco, CA 94134, USA","345, Gambier Street, St. Mary's Park, San Francisco, California, 94134, United States",37.7250865,-122.4208888
"151 Lippard Ave, San Francisco, CA 94131, USA","151, Lippard Avenue, Glen Park, San Francisco, California, 94112, United States",37.733157750000004,-122.4357801
"899 Geneva Ave, San Francisco, CA 94112, USA","Geneva Avenue, Crocker-Amazon, San Francisco, California, 94112, United States",37.71303975768862,-122.4334146
"189 13th St, San Francisco, CA 94103, USA","189, 13th Street, Mission District, San Francisco, California, 94103, United States",37.769474244897964,-122.4160297
"98 Erie St, San Francisco, CA 94103, USA","98, Erie Street, Mission District, San Francisco, California, 94103, United States",37.769289,-122.417635
"1580 Valencia St, San Francisco, CA 94110, USA","1580, Valencia Street, Mission District, San Francisco, California, 94110, United States",37.747179,-122.420292
"27 Albion St, San Francisco, CA 94103, USA","27, Albion Street, Mission District, San Francisco, California, 90110, United States",37.76596000000001,-122.4230667
"220 Surrey St, San Francisco, CA 94131, USA","220, Surrey Street, Glen Park, San Francisco, California, 94112, United States",37.7359137,-122.4355374
"4271 Mission St, San Francisco, CA 94112, USA","4271, Mission Street, St. Mary's Park, San Francisco, California, 94112, United States",37.7290723,-122.4306739
"1621 Howard St, San Francisco, CA 94103, USA","1621, Howard Street, Hayes Valley, Mission District, San Francisco, California, 94103, United States",37.771359960961824,-122.4169921
"2635 Scott St, San Francisco, CA 94123, USA","2635, Scott Street, Lower Pacific Heights, Western Addition, San Francisco, California, 94115, United States",37.79413545,-122.4401867
"545 Delta St, San Francisco, CA 94134, USA","543;545, Delta Street, Visitacion Valley, San Francisco, California, 94134, United States",37.71319915,-122.4092743
"124 Oriente St, Daly City, CA 94014, USA","124, Oriente Street, Bayshore, Daly City, San Mateo County, California, 94014, United States",37.706162319999954,-122.4143964
"722 Sweeny St, San Francisco, CA 94134, USA","722, Sweeny Street, Silver Terrace, Bayview District, San Francisco, California, 94134, United States",37.73043855,-122.4176998
"869 Schwerin St, Daly City, CA 94014, USA","869, Schwerin Street, Bayshore, Daly City, San Mateo County, California, 94014, United States",37.703167883578246,-122.4145405
"124 Edinburgh St, San Francisco, CA 94112, USA","124, Edinburgh Street, Excelsior, San Francisco, California, 94112, United States",37.727037100000004,-122.4278964
"421 Alemany Blvd, San Francisco, CA 94112, USA","421, Alemany Boulevard, St. Mary's Park, San Francisco, California, 94110, United States",37.73304903902642,-122.4144835
"1835 Folsom St, San Francisco, CA 94103, USA","1835, Folsom Street, Mission District, San Francisco, California, 94103, United States",37.76795024489796,-122.4154542
"708 Acton St, Daly City, CA 94014, USA","708, Acton Street, Daly City, San Mateo County, California, 94014, United States",37.70391230458076,-122.4494913
"399 14th St, San Francisco, CA 94103, USA","399, 14th Street, Mission District, San Francisco, California, 94103, United States",37.768067,-122.422036
"318 Madrid St, San Francisco, CA 94112, USA","318, Madrid Street, Excelsior, San Francisco, California, 94112, United States",37.7244747,-122.430878
"2044 Alemany Blvd, San Francisco, CA 94112, USA","2044, Alemany Boulevard, Excelsior, San Francisco, California, 94112, United States",37.71949735,-122.4405567
"15 Britton St, San Francisco, CA 94134, USA","15, Britton Street, Visitacion Valley, San Francisco, California, 94134, United States",37.7135362,-122.4119603
"384 Gambier St, San Francisco, CA 94134, USA","384, Gambier Street, St. Mary's Park, San Francisco, California, 94134, United States",37.72468371428571,-122.4210649
"153 London St, San Francisco, CA 94112, USA","153, London Street, Excelsior, San Francisco, California, 94112, United States",37.72651087755102,-122.4322515
"44 Potrero Ave, San Francisco, CA 94103, USA","44, Potrero Avenue, South of Market, San Francisco, California, 94103, United States",37.768570312499996,-122.4079312
"1665 Folsom St, San Francisco, CA 94103, USA","Cathead's BBQ, 1665, Folsom Street, Hayes Valley, Mission District, San Francisco, California, 94103, United States",37.7700737,-122.4151599
"258 Harvard St, San Francisco, CA 94134, USA","258, Harvard Street, St. Mary's Park, San Francisco, California, 94134, United States",37.72623935,-122.4207249
"850 Lisbon St, San Francisco, CA 94112, USA","850, Lisbon Street, Excelsior, San Francisco, California, 94112, United States",37.7157998,-122.4385594
"400 Treat Ave, San Francisco, CA 94110, USA","400;424, Treat Avenue, Mission District, San Francisco, California, 90110, United States",37.7634894,-122.4139225
"501 Twin Peaks Blvd, San Francisco, CA 94131, USA","501, Twin Peaks Boulevard, Midtown Terrace, San Francisco, California, 94131, United States",37.75241330352793,-122.4477463
"170 S Van Ness Ave, San Francisco, CA 94103, USA","170A, South Van Ness Avenue, Hayes Valley, Mission District, San Francisco, California, 94103, United States",37.7704657,-122.4180415
"1940 Harrison St, San Francisco, CA 94103, USA","1940, Harrison Street, Mission District, San Francisco, California, 94103, United States",37.76617518367347,-122.4132786
"1144 Munich St, San Francisco, CA 94112, USA","1144, Munich Street, Crocker-Amazon, San Francisco, California, 94112, United States",37.71094625,-122.4367036
"2425 Alameda St, San Francisco, CA 94103, USA","2425, Alameda Street, Mission District, San Francisco, California, 94103, United States",37.76819720408163,-122.4090502
"319 Silver Ave, San Francisco, CA 94112, USA","319, Silver Avenue, St. Mary's Park, San Francisco, California, 94112, United States",37.72868673424771,-122.4306318
"123 Edinburgh St, San Francisco, CA 94112, USA","123, Edinburgh Street, Excelsior, San Francisco, California, 94112, United States",37.726975749999994,-122.42742
"166 Madrid St, San Francisco, CA 94112, USA","166, Madrid Street, Excelsior, San Francisco, California, 94112, United States",37.72690025,-122.4291165
"981 Athens St, San Francisco, CA 94112, USA","981, Athens Street, Crocker-Amazon, San Francisco, California, 94112, United States",37.7137505,-122.4340065
"1272 Market St, San Francisco, CA 94102, USA","Donnelly Hotel, 1272, Market Street, Civic Center, South of Market, San Francisco, California, 94102, United States",37.778116749999995,-122.4160737
"126 London St, San Francisco, CA 94112, USA","126, London Street, Excelsior, San Francisco, California, 94112, United States",37.72706655,-122.4322416
"222 Seneca Ave, San Francisco, CA 94112, USA","222, Seneca Avenue, Excelsior, San Francisco, California, 94112, United States",37.72027290933679,-122.4426588
"242 Lowell St, San Francisco, CA 94112, USA","242, Lowell Street, Outer Mission, San Francisco, California, 94112, United States",37.709341,-122.445362
"781 Prague St, San Francisco, CA 94112, USA","781, Prague Street, Crocker-Amazon, San Francisco, California, 94112, United States",37.71086655,-122.4332096
"1581 Dolores St, San Francisco, CA 94110, USA","1579;1581, Dolores Street, San Francisco, California, 94114, United States",37.7441967,-122.4241355
"300 Leland Ave, San Francisco, CA 94134, USA","300, Leland Avenue, McLaren Park Community Garden, San Francisco, California, 94134, United States",37.713244,-122.409603
"28 Sanchez St, San Francisco, CA 94114, USA","24;26;28, Sanchez Street, Western Addition, San Francisco, California, 94143, United States",37.768807699999996,-122.4315664
"St. Luke's Hospital Garage, San Francisco, CA 94110, USA",Not Found,37.746773,-122.42115
"2600 Union St, San Francisco, CA 94123, USA","2600, Union Street, Cow Hollow, San Francisco, California, 94123, United States",37.7964776,-122.4423864
"440 Hanover St, San Francisco, CA 94112, USA","440, Hanover Street, San Francisco, San Mateo County, California, 94112, United States",37.7083961,-122.4459277
"599 Bosworth St, San Francisco, CA 94131, USA","Bosworth Street, Sunnyside, San Francisco, California, 94131, United States",37.73635389258447,-122.4418374
"2345 Filbert St, San Francisco, CA 94123, USA","2345, Filbert Street, Cow Hollow, San Francisco, California, 94123, United States",37.79746865,-122.4379501
"598 Persia Ave, San Francisco, CA 94112, USA","598, Persia Avenue, Excelsior, San Francisco, California, 94112, United States",37.720849,-122.431392
"6 Madison St, San Francisco, CA 94134, USA","6, Madison Street, St. Mary's Park, San Francisco, California, 94134, United States",37.7286349,-122.4238527
"11 Roanoke St, San Francisco, CA 94131, USA","11, Roanoke Street, Glen Park, San Francisco, California, 94112, United States",37.7365469,-122.4310007
"524 Moscow St, San Francisco, CA 94112, USA","524, Moscow Street, Excelsior, San Francisco, California, 94112, United States",37.719429950000006,-122.429376
"501 Twin Peaks Blvd, San Francisco, CA 94131, USA","501, Twin Peaks Boulevard, Midtown Terrace, San Francisco, California, 94131, United States",37.75241330352793,-122.4477463
"891 Foerster St, San Francisco, CA 94127, USA","891, Foerster Street, Sunnyside, San Francisco, California, 94131, United States",37.73598975,-122.4469948
"3201 Clay St, San Francisco, CA 94115, USA","3201, Clay Street, Jordan Park, Richmond District, San Francisco, California, 94118, United States",37.7890891,-122.4459469
"166 Lisbon St, San Francisco, CA 94112, USA","166, Lisbon Street, Excelsior, San Francisco, California, 94112, United States",37.725722149999996,-122.4310742
"2017 Lyon St, San Francisco, CA 94115, USA","2017;2019, Lyon Street, Anza Vista, Western Addition, San Francisco, California, 94115, United States",37.7895328,-122.4461066
"188 Elliot St, San Francisco, CA 94134, USA","188, Elliot Street, Visitacion Valley, San Francisco, California, 94134, United States",37.715245714285714,-122.4110548
"2098 Folsom St, San Francisco, CA 94110, USA","2098, Folsom Street, Mission District, San Francisco, California, 94110, United States",37.763814,-122.41527
"1773 Folsom St, San Francisco, CA 94103, USA","1773, Folsom Street, Mission District, San Francisco, California, 94103, United States",37.76885266666667,-122.4155097
"5098 Mission St, San Francisco, CA 94112, USA","Martco, 5098, Mission Street, Excelsior, San Francisco, California, 94112, United States",37.7169401,-122.440998
"1331 Harrison St, San Francisco, CA 94103, USA","1331, Harrison Street, West SoMa, South of Market, San Francisco, California, 94103, United States",37.7720286,-122.4105181
"3021 Washington St, San Francisco, CA 94115, USA","3021, Washington Street, Presidio Terrace, Richmond District, San Francisco, California, 94118, United States",37.79023955,-122.4433982
"555 Vienna St, San Francisco, CA 94112, USA","555, Vienna Street, Excelsior, San Francisco, California, 94112, United States",37.719512249999994,-122.4308783
"535 Mangels Ave, San Francisco, CA 94127, USA","535, Mangels Avenue, Glen Park, San Francisco, California, 94112, United States",37.732896600000004,-122.4497174
"136 Duncan St, San Francisco, CA 94110, USA","136, Duncan Street, Noe Valley, San Francisco, California, 94114, United States",37.74653185,-122.4232547
"343 Raymond Ave, San Francisco, CA 94134, USA","343, Raymond Avenue, Visitacion Valley, San Francisco, California, 94134, United States",37.71391215,-122.4101954
"421 Avalon Ave, San Francisco, CA 94112, USA","421, Avalon Avenue, Excelsior, San Francisco, California, 94112, United States",37.72624635,-122.4288223
"2300 16th St, San Francisco, CA 94103, USA","Jamba, 2300, 16th Street, Mission District, San Francisco, California, 94103, United States",37.7665115,-122.4087
"1975 Market St, San Francisco, CA 94103, USA","Pet Food Express, 1975, Market Street, Duboce Triangle, Mission District, San Francisco, California, 94103, United States",37.7692677,-122.4262069
"140 Potrero Ave, San Francisco, CA 94103, USA","140, Potrero Avenue, Mission District, San Francisco, California, 90103, United States",37.7676658,-122.4082453
"31 27th St, San Francisco, CA 94110, USA","29;31;33;35;37, 27th Street, Mission District, San Francisco, California, 90110, United States",37.747059300000004,-122.4220193
"730 Geneva Ave, San Francisco, CA 94112, USA","730, Geneva Avenue, Outer Mission, San Francisco, California, 94112, United States",37.718333736842105,-122.4431532
"1062 Geneva Ave, San Francisco, CA 94112, USA","1062, Geneva Avenue, Crocker-Amazon, San Francisco, California, 94112, United States",37.71504145,-122.4386256
"1230 Visitacion Ave, San Francisco, CA 94134, USA","1230, Visitacion Avenue, Visitacion Valley, San Francisco, California, 94134, United States",37.712458999999996,-122.4110804
"2039 Silver Ave, San Francisco, CA 94124, USA","2039, Silver Avenue, Silver Terrace, Bayview District, San Francisco, California, 94124, United States",37.73597005,-122.3998866
"180 Bemis St, San Francisco, CA 94131, USA","180, Bemis Street, Glen Park, San Francisco, California, 94131, United States",37.736911649999996,-122.4310617
"751 Lisbon St, San Francisco, CA 94112, USA","751, Lisbon Street, Excelsior, San Francisco, California, 94112, United States",37.71668585,-122.4373983
"299 Murray St, San Francisco, CA 94112, USA","299, Murray Street, St. Mary's Park, San Francisco, California, 94112, United States",37.733857,-122.422564
"52 Day St, San Francisco, CA 94110, USA","52, Day Street, Noe Valley, San Francisco, California, 94114, United States",37.7432772,-122.4237798
"2041 Lyon St, San Francisco, CA 94115, USA","2041, Lyon Street, Anza Vista, Western Addition, San Francisco, California, 94115, United States",37.789793599999996,-122.4462278
"428 Lowell St, San Francisco, CA 94112, USA","Lowell Street, Outer Mission, San Francisco, California, 94112, United States",37.711239155360325,-122.4462768
"55 Erie St, San Francisco, CA 94103, USA","55, Erie Street, Mission District, San Francisco, California, 94103, United States",37.76916843736019,-122.4167803
"827 Vienna St, San Francisco, CA 94112, USA","827, Vienna Street, Excelsior, San Francisco, California, 94112, United States",37.715322150000006,-122.4340372
"2166 Market St, San Francisco, CA 94114, USA","2166, Market Street, Duboce Triangle, Mission District, San Francisco, California, 94114, United States",37.76662271,-122.430329
"2661 Green St, San Francisco, CA 94123, USA","2659;2661, Green Street, Cow Hollow, San Francisco, California, 94123, United States",37.7950005,-122.4429002
"48 Cayuga Ave, San Francisco, CA 94112, USA","48, Cayuga Avenue, Excelsior, San Francisco, California, 94112, United States",37.731750500000004,-122.4293972
"583 Duboce Ave, San Francisco, CA 94117, USA","583, Duboce Avenue, Western Addition, San Francisco, California, 94117, United States",37.76912333333333,-122.4331423
"2201 Alemany Blvd, San Francisco, CA 94112, USA","2201, Alemany Boulevard, Outer Mission, San Francisco, California, 94112, United States",37.717622,-122.44236
"3150 California St, San Francisco, CA 94115, USA","Audiological Services of San Francisco, 3150, California Street, Lower Pacific Heights, San Francisco, California, 94115, United States",37.7875875,-122.4463465
"302 Acton St, Daly City, CA 94014, USA","302, Acton Street, Daly City, San Mateo County, California, 94014, United States",37.705014224489794,-122.450723
"1576 Geneva Ave, San Francisco, CA 94112, USA","1576, Geneva Avenue, Crocker-Amazon, San Francisco, California, 94112, United States",37.71228509,-122.4302162
"2460 Green St, San Francisco, CA 94115, USA","2458;2460, Green Street, Cow Hollow, San Francisco, California, 94123, United States",37.7957996,-122.4396207
"303 Ottilia St, Daly City, CA 94014, USA","303, Ottilia Street, Bayshore, Daly City, San Mateo County, California, 94014, United States",37.705058089113855,-122.4159073
"1800 Folsom St, San Francisco, CA 94103, USA","1800, Folsom Street, Mission District, San Francisco, California, 94103, United States",37.768408,-122.415706
"240 Shotwell St, San Francisco, CA 94110, USA","Mission Neighborhood Health Center, 240, Shotwell Street, Mission District, San Francisco, California, 94110, United States",37.76459825,-122.4165539
"99 Shotwell St, San Francisco, CA 94103, USA","99, Shotwell Street, Mission District, San Francisco, California, 94103, United States",37.767,-122.416458
"3108 Jackson St, San Francisco, CA 94115, USA","3108, Jackson Street, Pacific Heights, San Francisco, California, 94115, United States",37.79120225,-122.4464662
"439 Templeton Ave, Daly City, CA 94014, USA","439, Templeton Avenue, Daly City, San Mateo County, California, 94014, United States",37.705746713418414,-122.4521448
"4173 Mission St, San Francisco, CA 94112, USA","4173, Mission Street, St. Mary's Park, San Francisco, California, 94112, United States",37.73039935714286,-122.429799
"2899 16th St, San Francisco, CA 94103, USA","2899, 16th Street, Mission District, San Francisco, California, 94110, United States",37.76511,-122.417324
"439 Bellevue Ave, Daly City, CA 94014, USA","439, Bellevue Avenue, Daly City, San Mateo County, California, 94014, United States",37.70545698344394,-122.4493699
"55 Potomac St, San Francisco, CA 94117, USA","53;55;57, Potomac Street, Western Addition, San Francisco, California, 94143, United States",37.7699913,-122.4328073
"6 Van Buren St, San Francisco, CA 94131, USA","4;6, Van Buren Street, Glen Park, San Francisco, California, 94112, United States",37.7365616,-122.435571
"1583 Dolores St, San Francisco, CA 94110, USA","1583;1585;1587, Dolores Street, San Francisco, California, 94114, United States",37.744120300000006,-122.4241395
"567 Athens St, San Francisco, CA 94112, USA","567, Athens Street, Crocker-Amazon, San Francisco, California, 94112, United States",37.71895465,-122.4302238
"1198 Cayuga Ave, San Francisco, CA 94112, USA","1198, Cayuga Avenue, Excelsior, San Francisco, California, 94112, United States",37.719732,-122.442428
"399 Hampshire St, San Francisco, CA 94110, USA","399, Hampshire Street, Mission District, San Francisco, California, 94110, United States",37.764556,-122.408332
"361 Frankfort St, Daly City, CA 94014, USA","361, Frankfort Street, Daly City, San Mateo County, California, 94014, United States",37.70461579955708,-122.4490912
"399 Hampshire St, San Francisco, CA 94110, USA","399, Hampshire Street, Mission District, San Francisco, California, 94110, United States",37.764556,-122.408332
"119 Utah St, San Francisco, CA 94103, USA","The Great Northern, 119, Utah Street, South of Market, San Francisco, California, 94103, United States",37.7676612,-122.4065246
"360 Laidley St, San Francisco, CA 94131, USA","360, Laidley Street, Glen Park, San Francisco, California, 94112, United States",37.7374255,-122.4291614
"1480 Folsom St, San Francisco, CA 94103, USA","McMillan Electric, 1480, Folsom Street, West SoMa, Mission District, San Francisco, California, 94103, United States",37.7723254,-122.4141714
"105 Sanchez St, San Francisco, CA 94114, USA","101;103;105, Sanchez Street, Duboce Triangle, Mission District, San Francisco, California, 94143, United States",37.7675126,-122.4310452
"102 Cordova St, San Francisco, CA 94112, USA","102, Cordova Street, Crocker-Amazon, San Francisco, California, 94112, United States",37.71209075,-122.4360722
"68 Arnold Ave, San Francisco, CA 94110, USA","68, Arnold Avenue, Bernal Heights, San Francisco, California, 94134, United States",37.734143149999994,-122.4198614
"70 Everson St, San Francisco, CA 94131, USA","70, Everson Street, Glen Park, San Francisco, California, 94131, United States",37.738660100000004,-122.4305994
"398 Silver Ave, San Francisco, CA 94112, USA","398, Silver Avenue, St. Mary's Park, San Francisco, California, 94112, United States",37.728453,-122.428824
"1685 Bryant St, San Francisco, CA 94103, USA","1685, Bryant Street, Mission District, San Francisco, California, 94103, United States",37.765885142857144,-122.4104093
"161 Boutwell St, San Francisco, CA 94124, USA","161, Boutwell Street, Silver Terrace, Bayview District, San Francisco, California, 94134, United States",37.735050900000005,-122.4053681
"976 Athens St, San Francisco, CA 94112, USA","976, Athens Street, Crocker-Amazon, San Francisco, California, 94112, United States",37.71396735,-122.4344845
"398 Silver Ave, San Francisco, CA 94112, USA","398, Silver Avenue, St. Mary's Park, San Francisco, California, 94112, United States",37.728453,-122.428824
"283 Madrid St, San Francisco, CA 94112, USA","283, Madrid Street, Excelsior, San Francisco, California, 94112, United States",37.72491934999999,-122.4300687
"299 Raymond Ave, San Francisco, CA 94134, USA","299, Raymond Avenue, Visitacion Valley, San Francisco, California, 94134, United States",37.713681,-122.40908
"40 Everson St, San Francisco, CA 94131, USA","40, Everson Street, Glen Park, San Francisco, California, 94131, United States",37.73858932161512,-122.4302215
"115 Mateo St, San Francisco, CA 94131, USA","115, Mateo Street, Glen Park, San Francisco, California, 94112, United States",37.7368259,-122.4292251
"1101 Cayuga Ave, San Francisco, CA 94112, USA","1101, Cayuga Avenue, Excelsior, San Francisco, California, 94112, United States",37.72077045,-122.4403711
"54 Valley St, San Francisco, CA 94110, USA","54;56, Valley Street, Noe Valley, San Francisco, California, 94114, United States",37.7449383,-122.4235049
"551 Presidio Blvd, San Francisco, CA 94129, USA","551, Presidio Boulevard, San Francisco, California, 94129, United States",37.798635250000004,-122.4530117
"3016 Jackson St, San Francisco, CA 94115, USA","3016;3018;3020, Jackson Street, Pacific Heights, San Francisco, California, 94115, United States",37.7913826,-122.4449187
"1050 Geneva Ave, San Francisco, CA 94112, USA","1050, Geneva Avenue, Crocker-Amazon, San Francisco, California, 94112, United States",37.715073700000005,-122.4387904
"230 Madrid St, San Francisco, CA 94112, USA","230, Madrid Street, Excelsior, San Francisco, California, 94112, United States",37.7258612,-122.4298639
"109 Sanchez St, San Francisco, CA 94114, USA","107;109;111, Sanchez Street, Duboce Triangle, Mission District, San Francisco, California, 94143, United States",37.7674649,-122.4310412
"1690 Folsom St, San Francisco, CA 94103, USA","1690, Folsom Street, Mission District, San Francisco, California, 94103, United States",37.7700188,-122.4161027
"122 Paris St, San Francisco, CA 94112, USA","122, Paris Street, Excelsior, San Francisco, California, 94112, United States",37.726759349999995,-122.431435
"1200 15th St, San Francisco, CA 94103, USA","Animal Care & Control, 1200, 15th Street, Mission District, San Francisco, California, 94103, United States",37.7671002,-122.4129866
"225 Schwerin St, San Francisco, CA 94134, USA","225, Schwerin Street, Visitacion Valley, San Francisco, California, 94134, United States",37.710137450000005,-122.4113254
"3198 17th St, San Francisco, CA 94110, USA","3198, 17th Street, Mission District, San Francisco, California, 94110, United States",37.763663,-122.417184
"610 Thornton Ave, San Francisco, CA 94124, USA","610, Thornton Avenue, Silver Terrace, Bayview District, San Francisco, California, 94124, United States",37.731785450000004,-122.3998384
"449 Templeton Ave, Daly City, CA 94014, USA","449, Templeton Avenue, Daly City, San Mateo County, California, 94014, United States",37.70570951096907,-122.4520995
"92 Waterville St, San Francisco, CA 94124, USA","92, Waterville Street, Silver Terrace, Bayview District, San Francisco, California, 94124, United States",37.734617,-122.4029001
"633 Bayshore Blvd, San Francisco, CA 94124, USA","633, Bayshore Boulevard, Silver Terrace, Bayview District, San Francisco, California, 94124, United States",37.73735221657186,-122.4066602
"2621 Divisadero St, San Francisco, CA 94123, USA","2621, Divisadero Street, Pacific Heights, San Francisco, California, 94123, United States",37.79407075,-122.4418929
"36 Addison St, San Francisco, CA 94131, USA","36, Addison Street, Glen Park, San Francisco, California, 94131, United States",37.73792084173832,-122.430275
"75 Santa Fe Ave, San Francisco, CA 94124, USA","75, Santa Fe Avenue, Silver Terrace, Bayview District, San Francisco, California, 94124, United States",37.733855250000005,-122.4003224
"512 Arlington St, San Francisco, CA 94131, USA","512, Arlington Street, Glen Park, San Francisco, California, 94112, United States",37.7348862,-122.4302494
"99 Conkling St, San Francisco, CA 94124, USA","99, Conkling Street, Silver Terrace, Bayview District, San Francisco, California, 94124, United States",37.734857,-122.401717
"25 Lippard Ave, San Francisco, CA 94131, USA","25, Lippard Avenue, Glen Park, San Francisco, California, 94131, United States",37.73536733333333,-122.435176
"21 Noe St, San Francisco, CA 94114, USA","21;23, Noe Street, Western Addition, San Francisco, California, 94143, United States",37.76879045,-122.4332658
"455 Golden Gate Ave, San Francisco, CA 94102, USA","Hiram W. Johnson State Office Building, 455, Golden Gate Avenue, Civic Center, San Francisco, California, 94102, United States",37.7810445,-122.4179092
"899 Moscow St, San Francisco, CA 94112, USA","899, Moscow Street, Crocker-Amazon, San Francisco, California, 94112, United States",37.71377326262626,-122.4331357
"183 Oxford St, San Francisco, CA 94134, USA","183, Oxford Street, St. Mary's Park, San Francisco, California, 94134, United States",37.727668102040816,-122.4198973
"728 Brunswick St, San Francisco, CA 94112, USA","728, Brunswick Street, Crocker-Amazon, San Francisco, California, 94112, United States",37.708976199999995,-122.4484553
"658 Silver Ave, San Francisco, CA 94134, USA","658, Silver Avenue, St. Mary's Park, San Francisco, California, 94134, United States",37.72875670346315,-122.4223288
"1390 Market St, San Francisco, CA 94102, USA","Fox Plaza, 1390, Market Street, Civic Center, South of Market, San Francisco, California, 94102, United States",37.77720675,-122.4176952
"48 Cayuga Ave, San Francisco, CA 94112, USA","48, Cayuga Avenue, Excelsior, San Francisco, California, 94112, United States",37.731750500000004,-122.4293972
"250 Valencia St, San Francisco, CA 94103, USA","San Francisco Friends School, 250, Valencia Street, Mission District, San Francisco, California, 94103, United States",37.7690117,-122.4229225
"792 Schwerin St, Daly City, CA 94014, USA","792, Schwerin Street, Bayshore, Daly City, San Mateo County, California, 94014, United States",37.70485234506852,-122.4140146
"312 Leland Ave, San Francisco, CA 94134, USA","312;314, Leland Avenue, McLaren Park Community Garden, San Francisco, California, 94134, United States",37.7133743,-122.409791
"21 Lyell St, San Francisco, CA 94112, USA","21, Lyell Street, St. Mary's Park, San Francisco, California, 94112, United States",37.73256345,-122.4316837
"439 Chenery St, San Francisco, CA 94131, USA","439;443, Chenery Street, Glen Park, San Francisco, California, 94112, United States",37.73594865,-122.4294627
"55 Verna St, San Francisco, CA 94127, USA","55, Verna Street, Sunnyside, San Francisco, California, 94112, United States",37.73490045,-122.4481896
"227 Accacia St, Daly City, CA 94014, USA","227, Accacia Street, Bayshore, Daly City, San Mateo County, California, 94014, United States",37.704545703687174,-122.4158468
"18 Miguel St, San Francisco, CA 94131, USA","18, Miguel Street, Glen Park, San Francisco, California, 94131, United States",37.73908967328588,-122.4306272
"1623 Silliman St, San Francisco, CA 94134, USA","1623, Silliman Street, Silver Terrace, Bayview District, San Francisco, California, 94134, United States",37.7268465,-122.421282
"110 Cayuga Ave, San Francisco, CA 94112, USA","110, Cayuga Avenue, Excelsior, San Francisco, California, 94112, United States",37.7313183,-122.4309428
"110 Madrid St, San Francisco, CA 94112, USA","110, Madrid Street, Excelsior, San Francisco, California, 94112, United States",37.727706,-122.4284496
"39 Alemany Blvd, San Francisco, CA 94124, USA","39, Alemany Boulevard, San Francisco, California, 94110, United States",37.736955428571434,-122.408915
"258 Potrero Ave, San Francisco, CA 94103, USA","258, Potrero Avenue, Mission District, San Francisco, California, 94103, United States",37.765898,-122.407652
"3172 Sacramento St, San Francisco, CA 94115, USA","3172, Sacramento Street, Pacific Heights, San Francisco, California, 94115, United States",37.78850857142857,-122.4450952
"1798 Felton St, San Francisco, CA 94134, USA","1798, Felton Street, Portola, San Francisco, California, 94134, United States",37.725512,-122.422228
"2509 Filbert St, San Francisco, CA 94123, USA","2509, Filbert Street, Cow Hollow, San Francisco, California, 94123, United States",37.7971831,-122.4408524
"373 S Van Ness Ave, San Francisco, CA 94103, USA","371;373;375, South Van Ness Avenue, Mission District, San Francisco, California, 90110, United States",37.76733875,-122.4174572
"60 29th St, San Francisco, CA 94110, USA","60, 29th Street, San Francisco, California, 94110, United States",37.74405004347826,-122.4221931
"615 Hanover St, Daly City, CA 94014, USA","615, Hanover Street, Top of the Hill, Daly City, San Mateo County, California, 94014, United States",37.70688544553972,-122.4495553
"3035 Pacific Ave, San Francisco, CA 94115, USA","3035, Pacific Avenue, Pacific Heights, San Francisco, California, 94115, United States",37.79182495,-122.445144
"4173 Mission St, San Francisco, CA 94112, USA","4173, Mission Street, St. Mary's Park, San Francisco, California, 94112, United States",37.73039935714286,-122.429799
"25 Curtis St, San Francisco, CA 94112, USA","25, Curtis Street, Crocker-Amazon, San Francisco, California, 94112, United States",37.7144574,-122.4398152
"934 Brannan St, San Francisco, CA 94103, USA","934, Brannan Street, West SoMa, South of Market, San Francisco, California, 94103, United States",37.77059336734694,-122.4064611
"2940 Pacific Ave, San Francisco, CA 94115, USA","2940, Pacific Avenue, Pacific Heights, San Francisco, California, 94115, United States",37.79239215,-122.4439935
"41 14th St, San Francisco, CA 94103, USA","41, 14th Street, Mission District, San Francisco, California, 90110, United States",37.76839735,-122.4146549
"227 Edinburgh St, San Francisco, CA 94112, USA","227, Edinburgh Street, Excelsior, San Francisco, California, 94112, United States",37.72533945,-122.428598
"498 Golden Gate Ave, San Francisco, CA 94102, USA","498, Golden Gate Avenue, Civic Center, San Francisco, California, 94102, United States",37.781337,-122.418671
"398 Augusta St, San Francisco, CA 94124, USA","Augusta Street, Silver Terrace, Bayview District, San Francisco, California, 94124, United States",37.73446643,-122.4024917
"140 Potrero Ave, San Francisco, CA 94103, USA","140, Potrero Avenue, Mission District, San Francisco, California, 90103, United States",37.7676658,-122.4082453
"201 Edinburgh St, San Francisco, CA 94112, USA","201, Edinburgh Street, Excelsior, San Francisco, California, 94112, United States",37.7257137,-122.4283754
"58 Roscoe St, San Francisco, CA 94110, USA","56;58, Roscoe Street, Bernal Heights, San Francisco, California, 94134, United States",37.73419625,-122.4189559
"231 Harvard St, San Francisco, CA 94134, USA","231, Harvard Street, St. Mary's Park, San Francisco, California, 94134, United States",37.7267376,-122.4205103
"810 Silver Ave, San Francisco, CA 94134, USA","810, Silver Avenue, Silver Terrace, Bayview District, San Francisco, California, 94134, United States",37.728917897959185,-122.4181612
"281 Oriente St, Daly City, CA 94014, USA","281, Oriente Street, Bayshore, Daly City, San Mateo County, California, 94014, United States",37.70347308102562,-122.41537
"4 S Hill Blvd, San Francisco, CA 94112, USA","4, South Hill Boulevard, Crocker-Amazon, San Francisco, California, 94112, United States",37.71212792528135,-122.4321211
"1149 Alemany Blvd, San Francisco, CA 94112, USA","1149, Alemany Boulevard, St. Mary's Park, San Francisco, California, 94112, United States",37.731021269230766,-122.4301195
"2037 Revere Ave, San Francisco, CA 94124, USA","2037, Revere Avenue, Silver Terrace, Bayview District, San Francisco, California, 94124, United States",37.7360635,-122.3985615
"111 Potrero Ave, San Francisco, CA 94103, USA","111, Potrero Avenue, Mission District, San Francisco, California, 94103, United States",37.768133306122444,-122.4076865
"224 S Van Ness Ave, San Francisco, CA 94103, USA","224;246, South Van Ness Avenue, Mission District, San Francisco, California, 94103, United States",37.7694881,-122.4181529
"2524 Greenwich St, San Francisco, CA 94123, USA","2522;2524;2526;2528, Greenwich Street, Cow Hollow, San Francisco, California, 94123, United States",37.7984364,-122.4413938
"208 Utah St, San Francisco, CA 94103, USA","Strava, 208, Utah Street, Mission District, San Francisco, California, 94103, United States",37.7669618,-122.4068138
"333 College Ave, San Francisco, CA 94112, USA","333, College Avenue, St. Mary's Park, San Francisco, California, 94112, United States",37.734166761561895,-122.423952
"207 Oriente St, Daly City, CA 94014, USA","207, Oriente Street, Bayshore, Daly City, San Mateo County, California, 94014, United States",37.70461717,-122.414862
"150 Hampshire St, San Francisco, CA 94103, USA","150, Hampshire Street, Mission District, San Francisco, California, 94103, United States",37.76804704081633,-122.4088288
"2121 Lyon St, San Francisco, CA 94115, USA","2121, Lyon Street, Anza Vista, Western Addition, San Francisco, California, 94115, United States",37.79049365,-122.4463237
"331 Gambier St, San Francisco, CA 94134, USA","331, Gambier Street, St. Mary's Park, San Francisco, California, 94134, United States",37.72527685,-122.4209858
"69A Potomac St, San Francisco, CA 94117, USA","Potomac Street, Western Addition, San Francisco, California, 94143, United States",37.77039098534632,-122.4326481
"702 15th St, San Francisco, CA 94103, USA","702, 15th Street, Mission District, San Francisco, California, 94103, United States",37.767154265306125,-122.40786
"San Francisco War Memorial and Performing Arts Center, 301 Van Ness Ave, San Francisco, CA 94102, USA",Not Found,37.778613,-122.419877
"120 Sanchez St, San Francisco, CA 94114, USA","120, Sanchez Street, Duboce Triangle, Mission District, San Francisco, California, 94143, United States",37.7671713,-122.4314614
"66 Potrero Ave, San Francisco, CA 94103, USA","66, Potrero Avenue, South of Market, San Francisco, California, 90103, United States",37.7685002,-122.4083383
"198 Naylor St, San Francisco, CA 94112, USA","198, Naylor Street, Crocker-Amazon, San Francisco, California, 94112, United States",37.710314,-122.433212
"55 Erie St, San Francisco, CA 94103, USA","55, Erie Street, Mission District, San Francisco, California, 94103, United States",37.76916843736019,-122.4167803
"620 Folsom St, San Francisco, CA 94107, USA","620, Folsom Street, Transbay, South of Market, San Francisco, California, 94105, United States",37.78526365,-122.3975911
"141 Treat St, San Francisco, CA 94103, USA",Not Found,37.767399,-122.408401
"225 Pioche St, San Francisco, CA 94134, USA","Portola Baptist Church, 225, Pioche Street, St. Mary's Park, San Francisco, California, 94134, United States",37.72820825,-122.4207954
"98 Noe St, San Francisco, CA 94114, USA","Noe Street, Castro District, Mission District, San Francisco, California, 94114, United States",37.76022776585493,-122.4327165
"3135 Washington St, San Francisco, CA 94115, USA","3135;3137, Washington Street, Presidio Terrace, Richmond District, San Francisco, California, 94118, United States",37.7900556,-122.444958
"1800 Folsom St, San Francisco, CA 94103, USA","1800, Folsom Street, Mission District, San Francisco, California, 94103, United States",37.768408,-122.415706
"2300 16th St, San Francisco, CA 94103, USA","Jamba, 2300, 16th Street, Mission District, San Francisco, California, 94103, United States",37.7665115,-122.4087
"72 Converse St, San Francisco, CA 94103, USA","72, Converse Street, West SoMa, South of Market, San Francisco, California, 94103, United States",37.77246777083333,-122.4081044
"135 Kissling St, San Francisco, CA 94103, USA","133;135, Kissling Street, Hayes Valley, Mission District, San Francisco, California, 94103, United States",37.7718785,-122.4151799
"2099 Alemany Blvd, San Francisco, CA 94112, USA","2099, Alemany Boulevard, Excelsior, San Francisco, California, 94112, United States",37.718626,-122.441088
"852 Schwerin St, Daly City, CA 94014, USA","852, Schwerin Street, Bayshore, Daly City, San Mateo County, California, 94014, United States",37.70364303398062,-122.4145499
"2012 16th St, San Francisco, CA 94103, USA","2012, 16th Street, Mission District, San Francisco, California, 94103, United States",37.76590997959184,-122.4067982
"188 Elliot St, San Francisco, CA 94134, USA","188, Elliot Street, Visitacion Valley, San Francisco, California, 94134, United States",37.715245714285714,-122.4110548
"170 Madison St, San Francisco, CA 94134, USA","170, Madison Street, St. Mary's Park, San Francisco, California, 94134, United States",37.72696225,-122.4231775
"43 Cordova St, San Francisco, CA 94112, USA","43, Cordova Street, Crocker-Amazon, San Francisco, California, 94112, United States",37.71273385,-122.4358023
"1399 15th St, San Francisco, CA 94103, USA","1399, 15th Street, Mission District, San Francisco, California, 94103, United States",37.766864,-122.415299
"386 Raymond Ave, San Francisco, CA 94134, USA","386, Raymond Avenue, Visitacion Valley, San Francisco, California, 94134, United States",37.7144509,-122.4109673
"1320 Bryant St, San Francisco, CA 94103, USA","1320, Bryant Street, Mission District, San Francisco, California, 94103, United States",37.76918294683584,-122.4109392
"350 Arleta Ave, San Francisco, CA 94134, USA","350, Arleta Avenue, Visitacion Valley, San Francisco, California, 94134, United States",37.71485108163265,-122.4099457
"1390 Market St, San Francisco, CA 94102, USA","Fox Plaza, 1390, Market Street, Civic Center, South of Market, San Francisco, California, 94102, United States",37.77720675,-122.4176952
"154 Lisbon St, San Francisco, CA 94112, USA","154, Lisbon Street, Excelsior, San Francisco, California, 94112, United States",37.725911249999996,-122.4309805
"398 Hampshire St, San Francisco, CA 94110, USA","398, Hampshire Street, Mission District, San Francisco, California, 94110, United States",37.764846453488374,-122.4085665
"3150 Sacramento St, San Francisco, CA 94115, USA","Presidio Branch Library, 3150, Sacramento Street, Pacific Heights, San Francisco, California, 94115, United States",37.7888554,-122.4448528
"808 Twin Peaks Blvd, San Francisco, CA 94131, USA","808, Twin Peaks Boulevard, Midtown Terrace, San Francisco, California, 94131, United States",37.750202273895255,-122.4474412
"808 Twin Peaks Blvd, San Francisco, CA 94131, USA","808, Twin Peaks Boulevard, Midtown Terrace, San Francisco, California, 94131, United States",37.750202273895255,-122.4474412
"4199 Mission St, San Francisco, CA 94112, USA","4199, Mission Street, St. Mary's Park, San Francisco, California, 94112, United States",37.729999,-122.429829
"2024 Revere Ave, San Francisco, CA 94124, USA","2024, Revere Avenue, Silver Terrace, Bayview District, San Francisco, California, 94124, United States",37.73595345,-122.3980917
"620 Silver Ave, San Francisco, CA 94134, USA","620, Silver Avenue, St. Mary's Park, San Francisco, California, 94134, United States",37.728643399999996,-122.4232226
"5715 Mission St, San Francisco, CA 94112, USA","5715;5717, Mission Street, Outer Mission, San Francisco, California, 94112, United States",37.709975,-122.4486664
"436 Murray St, San Francisco, CA 94110, USA","436, Murray Street, Bernal Heights, San Francisco, California, 94134, United States",37.735587499999994,-122.4199729
"3222 Washington St, San Francisco, CA 94115, USA","3222;3224, Washington Street, Presidio Terrace, Richmond District, San Francisco, California, 94118, United States",37.79029315,-122.4464521
"599 S Van Ness Ave, San Francisco, CA 94110, USA","599, South Van Ness Avenue, Mission District, San Francisco, California, 94110, United States",37.763701,-122.41724
"30 Camellia Ave, San Francisco, CA 94112, USA","30, Camellia Avenue, St. Mary's Park, San Francisco, California, 94112, United States",37.729997749999995,-122.4314571
"1580 Geneva Ave, San Francisco, CA 94112, USA","1580, Geneva Avenue, Crocker-Amazon, San Francisco, California, 94112, United States",37.71226756961665,-122.4301311
"1544 Geneva Ave, San Francisco, CA 94112, USA","1544, Geneva Avenue, Crocker-Amazon, San Francisco, California, 94112, United States",37.71242527846659,-122.4308965
"151 Potrero Ave, San Francisco, CA 94103, USA","Levy Art & Architecture, 151, Potrero Avenue, South of Market, San Francisco, California, 94103, United States",37.7684323,-122.4101138
"1121 Athens St, San Francisco, CA 94112, USA","1121, Athens Street, Crocker-Amazon, San Francisco, California, 94112, United States",37.7124017,-122.4350437
"618 Hanover St, Daly City, CA 94014, USA","618, Hanover Street, Top of the Hill, Daly City, San Mateo County, California, 94014, United States",37.707011100504445,-122.4497144
"298 Grove St, San Francisco, CA 94102, USA","298, Grove Street, Hayes Valley, San Francisco, California, 94102, United States",37.77807657692308,-122.4217424
"30 Grove St, San Francisco, CA 94102, USA","30, Grove Street, Civic Center, South of Market, San Francisco, California, 94102, United States",37.77890042857143,-122.4153261
"962 Teresita Blvd, San Francisco, CA 94127, USA","962, Teresita Boulevard, Sunnyside, San Francisco, California, 94127, United States",37.734074981398074,-122.4457319
"45 Chilton Ave, San Francisco, CA 94131, USA","45, Chilton Avenue, Glen Park, San Francisco, California, 94112, United States",37.73430245,-122.4364016
"2200 Market St, San Francisco, CA 94114, USA","2200, Market Street, Duboce Triangle, Mission District, San Francisco, California, 94114, United States",37.765877,-122.431213
"25 Essex St, San Francisco, CA 94105, USA","25, Essex Street, Rincon Hill, South of Market, San Francisco, California, 94105, United States",37.786190331461555,-122.3952614
"98 Polk St, San Francisco, CA 94102, USA","98, Polk Street, Civic Center, San Francisco, California, 94102, United States",37.780109407764584,-122.4186727
"473 Chenery St, San Francisco, CA 94131, USA","473, Chenery Street, Glen Park, San Francisco, California, 94112, United States",37.7356756,-122.4297287
"318 Excelsior Ave, San Francisco, CA 94112, USA","310;318, Excelsior Avenue, Excelsior, San Francisco, California, 94112, United States",37.72475615,-122.430932
"1800 Folsom St, San Francisco, CA 94103, USA","1800, Folsom Street, Mission District, San Francisco, California, 94103, United States",37.768408,-122.415706
"199 Acton St, Daly City, CA 94014, USA","199, Acton Street, Daly City, San Mateo County, California, 94014, United States",37.706508,-122.451322
"1749 Harrison St, San Francisco, CA 94103, USA","1749, Harrison Street, Mission District, San Francisco, California, 94103, United States",37.769070444812414,-122.41332
"207 Morse St, San Francisco, CA 94112, USA","207, Morse Street, Outer Mission, San Francisco, California, 94112, United States",37.7127335,-122.4397478
"3235 Clay St, San Francisco, CA 94115, USA","3233;3235, Clay Street, Jordan Park, Richmond District, San Francisco, California, 94118, United States",37.788925,-122.446289
"611 Folsom St, San Francisco, CA 94107, USA","611, Folsom Street, Transbay, South of Market, San Francisco, California, 94107, United States",37.78526219230769,-122.3969124
"91 Henry St, San Francisco, CA 94114, USA","91;93;95, Henry Street, Duboce Triangle, Mission District, San Francisco, California, 94143, United States",37.766524649999994,-122.4328648
"554 Athens St, San Francisco, CA 94112, USA","554, Athens Street, Crocker-Amazon, San Francisco, California, 94112, United States",37.71932325,-122.4304799
"650 Harrison St, San Francisco, CA 94107, USA","650, Harrison Street, Rincon Hill, South of Market, San Francisco, California, 94107, United States",37.78338348,-122.3964821
"2 Mateo St, San Francisco, CA 94131, USA","2, Mateo Street, Glen Park, San Francisco, California, 94112, United States",37.737299300000004,-122.4301253
"131 Winchester St, Daly City, CA 94014, USA","131, Winchester Street, Top of the Hill, Daly City, San Mateo County, California, 94014, United States",37.70740830136136,-122.4502009
"25 Addison St, San Francisco, CA 94131, USA","25, Addison Street, Glen Park, San Francisco, California, 94131, United States",37.737725413811695,-122.4301253
"666 Chenery St, San Francisco, CA 94131, USA","664;666;674, Chenery Street, Glen Park, San Francisco, California, 94112, United States",37.73466915,-122.4334219
"553 Vienna St, San Francisco, CA 94112, USA","553, Vienna Street, Excelsior, San Francisco, California, 94112, United States",37.7195678,-122.4308271
"685 Twin Peaks Blvd, San Francisco, CA 94114, USA","685, Twin Peaks Boulevard, Midtown Terrace, San Francisco, California, 94131, United States",37.751156769154534,-122.448721
"224 Pioche St, San Francisco, CA 94134, USA","224, Pioche Street, St. Mary's Park, San Francisco, California, 94134, United States",37.7285828,-122.4208946
"2334 16th St, San Francisco, CA 94103, USA","2334, 16th Street, Mission District, San Francisco, California, 94103, United States",37.765731285523266,-122.4097724
"65 Rousseau St, San Francisco, CA 94112, USA","65, Rousseau Street, St. Mary's Park, San Francisco, California, 94112, United States",37.733603200000005,-122.4301434
"4120 Mission St, San Francisco, CA 94112, USA","4120;4122;4124, Mission Street, St. Mary's Park, San Francisco, California, 94112, United States",37.73054915,-122.4298339
"3301 Washington St, San Francisco, CA 94118, USA","3301, Washington Street, Presidio Terrace, Richmond District, San Francisco, California, 94118, United States",37.7897447,-122.4474558
"1198 Cayuga Ave, San Francisco, CA 94112, USA","1198, Cayuga Avenue, Excelsior, San Francisco, California, 94112, United States",37.719732,-122.442428
"150 Duncan St, San Francisco, CA 94110, USA","150;152;154;156, Duncan Street, Noe Valley, San Francisco, California, 94114, United States",37.746519,-122.423528
"176 Duncan St, San Francisco, CA 94110, USA","176, Duncan Street, Noe Valley, San Francisco, California, 94114, United States",37.7464541,-122.4239667
"343 Frankfort St, Daly City, CA 94014, USA","343, Frankfort Street, Daly City, San Mateo County, California, 94014, United States",37.70470939756397,-122.4488179
"965 Geneva Ave, San Francisco, CA 94112, USA","965, Geneva Avenue, Crocker-Amazon, San Francisco, California, 94112, United States",37.715830475000004,-122.4401014
"4056 Mission St, San Francisco, CA 94112, USA","4056, Mission Street, St. Mary's Park, San Francisco, California, 94112, United States",37.73286305,-122.4275333
"197 Rickard St, San Francisco, CA 94134, USA","197, Rickard Street, San Francisco, California, 94134, United States",37.73400885673954,-122.4078758
"792 Schwerin St, Daly City, CA 94014, USA","792, Schwerin Street, Bayshore, Daly City, San Mateo County, California, 94014, United States",37.70485234506852,-122.4140146
"1690 Folsom St, San Francisco, CA 94103, USA","1690, Folsom Street, Mission District, San Francisco, California, 94103, United States",37.7700188,-122.4161027
"240 Lowell St, San Francisco, CA 94112, USA","240, Lowell Street, Outer Mission, San Francisco, California, 94112, United States",37.709356523809525,-122.4453703
"959 Chenery St, San Francisco, CA 94131, USA","959, Chenery Street, Glen Park, San Francisco, California, 94112, United States",37.73535005,-122.4384561
"56 Chilton Ave, San Francisco, CA 94131, USA","56, Chilton Avenue, Glen Park, San Francisco, California, 94112, United States",37.734546300000005,-122.4367624
"355 Arleta Ave, San Francisco, CA 94134, USA","355, Arleta Avenue, Visitacion Valley, San Francisco, California, 94134, United States",37.714646450000004,-122.4101518
"3040 Jackson St, San Francisco, CA 94115, USA","3038;3040, Jackson Street, Pacific Heights, San Francisco, California, 94115, United States",37.7913687,-122.4452275
"1906 Baker St, San Francisco, CA 94115, USA","1906, Baker Street, Anza Vista, Western Addition, San Francisco, California, 94115, United States",37.788881,-122.4437522
"99 Shotwell St, San Francisco, CA 94103, USA","99, Shotwell Street, Mission District, San Francisco, California, 94103, United States",37.767,-122.416458
"268 Alabama St, San Francisco, CA 94103, USA","268, Alabama Street, Mission District, San Francisco, California, 94103, United States",37.76592353061225,-122.4125613
"1390 Market St, San Francisco, CA 94102, USA","Fox Plaza, 1390, Market Street, Civic Center, South of Market, San Francisco, California, 94102, United States",37.77720675,-122.4176952
"27 Day St, San Francisco, CA 94110, USA","27, Day Street, Noe Valley, San Francisco, California, 94114, United States",37.74289905,-122.4234701
"310 Ottilia St, Daly City, CA 94014, USA","310, Ottilia Street, Bayshore, Daly City, San Mateo County, California, 94014, United States",37.70522634821381,-122.4158834
"1154 Alemany Blvd, San Francisco, CA 94112, USA","1154, Alemany Boulevard, St. Mary's Park, San Francisco, California, 94112, United States",37.73109225,-122.4302988
"631 Hanover St, Daly City, CA 94014, USA","631, Hanover Street, Top of the Hill, Daly City, San Mateo County, California, 94014, United States",37.706780280041876,-122.4498634
"101 Boutwell St, San Francisco, CA 94124, USA","101, Boutwell Street, Silver Terrace, Bayview District, San Francisco, California, 94124, United States",37.735225,-122.405488
"44 Agnon Ave, San Francisco, CA 94112, USA","44, Agnon Avenue, St. Mary's Park, San Francisco, California, 94134, United States",37.7346857,-122.4227875
"68 Lippard Ave, San Francisco, CA 94131, USA","68, Lippard Avenue, Glen Park, San Francisco, California, 94112, United States",37.7344753,-122.4358292
"119A Steiner St, San Francisco, CA 94117, USA","Steiner Street, Lower Haight, Western Addition, San Francisco, California, 94143, United States",37.770505609656354,-122.4318265
"799 Moscow St, San Francisco, CA 94112, USA","799, Moscow Street, Crocker-Amazon, San Francisco, California, 94112, United States",37.715102,-122.432154
"16 Risel Ave, Daly City, CA 94014, USA","16, Risel Avenue, Daly City, San Mateo County, California, 94014, United States",37.70642446795122,-122.4493129
"900 Madrid St, San Francisco, CA 94112, USA","900, Madrid Street, Excelsior, San Francisco, California, 94112, United States",37.71599535,-122.4373725
"1558 Dolores St, San Francisco, CA 94110, USA","1558, Dolores Street, San Francisco, California, 94110, United States",37.74444264583333,-122.424275
"166 Potrero Ave, San Francisco, CA 94103, USA","166, Potrero Avenue, Mission District, San Francisco, California, 94103, United States",37.76753302040816,-122.4078346
"3032 Divisadero St, San Francisco, CA 94123, USA","3032;3038, Divisadero Street, Pacific Heights, San Francisco, California, 94123, United States",37.79762425,-122.4421883
"3010 Pacific Ave, San Francisco, CA 94115, USA","3010, Pacific Avenue, Pacific Heights, San Francisco, California, 94115, United States",37.79220505,-122.4450149
"286 Raymond Ave, San Francisco, CA 94134, USA","286, Raymond Avenue, Visitacion Valley, San Francisco, California, 94134, United States",37.71387155,-122.4088447
"1596 Dolores St, San Francisco, CA 94110, USA","1596, Dolores Street, San Francisco, California, 94110, United States",37.74400644,-122.4242259
"31 Morse St, San Francisco, CA 94112, USA","31, Morse Street, Crocker-Amazon, San Francisco, California, 94112, United States",37.71336205,-122.4374771
"210 29th St, San Francisco, CA 94131, USA","210;212, 29th Street, Noe Valley, San Francisco, California, 94114, United States",37.7439675,-122.42511
"3273 Sacramento St, San Francisco, CA 94115, USA","3273, Sacramento Street, Pacific Heights, San Francisco, California, 94115, United States",37.78816161,-122.446518
"319 Raymond Ave, San Francisco, CA 94134, USA","319, Raymond Avenue, Visitacion Valley, San Francisco, California, 94134, United States",37.7137387,-122.4097206
"645 Persia Ave, San Francisco, CA 94112, USA","645, Persia Avenue, Excelsior, San Francisco, California, 94112, United States",37.7206799,-122.4304458
"68 Potomac St, San Francisco, CA 94117, USA","68, Potomac Street, Western Addition, San Francisco, California, 94143, United States",37.770388,-122.4324656
"189 13th St, San Francisco, CA 94103, USA","189, 13th Street, Mission District, San Francisco, California, 94103, United States",37.769474244897964,-122.4160297
"2201 Market St, San Francisco, CA 94114, USA","2201, Market Street, Duboce Triangle, Mission District, San Francisco, California, 94114, United States",37.76586261505694,-122.4312324
"271 Surrey St, San Francisco, CA 94131, USA","271, Surrey Street, Glen Park, San Francisco, California, 94112, United States",37.7357107,-122.4362982
"2290 16th St, San Francisco, CA 94103, USA","2290, 16th Street, Mission District, San Francisco, California, 94103, United States",37.765754856820514,-122.4093821
"450 10th St, San Francisco, CA 94103, USA","Costco, 450, 10th Street, West SoMa, South of Market, San Francisco, California, 94103, United States",37.77028315,-122.4108614
"3121 Pierce St, San Francisco, CA 94115, USA","3119;3121;3123;3125, Pierce Street, Cow Hollow, San Francisco, California, 94123, United States",37.7989245,-122.4394466
"359 Silver Ave, San Francisco, CA 94112, USA","359, Silver Avenue, St. Mary's Park, San Francisco, California, 94134, United States",37.7286828,-122.4293905
"520 Arlington St, San Francisco, CA 94131, USA","520, Arlington Street, Glen Park, San Francisco, California, 94112, United States",37.73482735,-122.4304121
"444 Naples St, San Francisco, CA 94112, USA","444, Naples Street, Excelsior, San Francisco, California, 94112, United States",37.72175225,-122.4308167
"50 Alberta St, San Francisco, CA 94134, USA","50, Alberta Street, Visitacion Valley, San Francisco, California, 94134, United States",37.7164985,-122.409963
"196 Lippard Ave, San Francisco, CA 94131, USA","196, Lippard Avenue, Glen Park, San Francisco, California, 94112, United States",37.732787,-122.436499
"2 Naylor St, San Francisco, CA 94112, USA","2, Naylor Street, Crocker-Amazon, San Francisco, California, 94112, United States",37.7111721,-122.4342707
"1398 15th St, San Francisco, CA 94103, USA","1398, 15th Street, Mission District, San Francisco, California, 94103, United States",37.767028,-122.415315
"280 Arleta Ave, San Francisco, CA 94134, USA","280, Arleta Avenue, Visitacion Valley, San Francisco, California, 94134, United States",37.71454215,-122.4084595
"447 Laidley St, San Francisco, CA 94131, USA","447, Laidley Street, Glen Park, San Francisco, California, 94112, United States",37.7364353,-122.4300576
"1245 Market St, San Francisco, CA 94102, USA","1245, Market Street, Civic Center, South of Market, San Francisco, California, 94102, United States",37.77834903061225,-122.4154279
"73 Noe St, San Francisco, CA 94114, USA","73;75;75A;75B, Noe Street, Western Addition, San Francisco, California, 94143, United States",37.76796795,-122.4331442
"737 Burnett Ave, San Francisco, CA 94131, USA","737, Burnett Avenue, Midtown Terrace, San Francisco, California, 94131, United States",37.7505128,-122.4455515
"100 Larkin St, San Francisco, CA 94102, USA","San Francisco Main Library, 100, Larkin Street, Civic Center, South of Market, San Francisco, California, 94102, United States",37.779196850000005,-122.4157854
"151 Lippard Ave, San Francisco, CA 94131, USA","151, Lippard Avenue, Glen Park, San Francisco, California, 94112, United States",37.733157750000004,-122.4357801
"150 Hampshire St, San Francisco, CA 94103, USA","150, Hampshire Street, Mission District, San Francisco, California, 94103, United States",37.76804704081633,-122.4088288
"99 Avalon Ave, San Francisco, CA 94112, USA","99, Avalon Avenue, Excelsior, San Francisco, California, 94112, United States",37.727445,-122.431847
"2636 Vallejo St, San Francisco, CA 94123, USA","2636, Vallejo Street, Cow Hollow, San Francisco, California, 94115, United States",37.79475105,-122.4407509
"2300 16th St, San Francisco, CA 94103, USA","Jamba, 2300, 16th Street, Mission District, San Francisco, California, 94103, United States",37.7665115,-122.4087
"1099 Ellsworth St, San Francisco, CA 94112, USA","1099, Ellsworth Street, St. Mary's Park, San Francisco, California, 94110, United States",37.732329,-122.418859
"119 Utah St, San Francisco, CA 94103, USA","The Great Northern, 119, Utah Street, South of Market, San Francisco, California, 94103, United States",37.7676612,-122.4065246
"357 Alemany Blvd, San Francisco, CA 94110, USA","357, Alemany Boulevard, St. Mary's Park, San Francisco, California, 94110, United States",37.73364322916667,-122.4132883
"399 Golden Gate Ave, San Francisco, CA 94102, USA","399, Golden Gate Avenue, Civic Center, South of Market, San Francisco, California, 94102, United States",37.781385,-122.416976
"125 Accacia St, Daly City, CA 94014, USA","125, Accacia Street, Bayshore, Daly City, San Mateo County, California, 94014, United States",37.70634443100229,-122.4150489
"730 Geneva Ave, San Francisco, CA 94112, USA","730, Geneva Avenue, Outer Mission, San Francisco, California, 94112, United States",37.718333736842105,-122.4431532
"170 S Van Ness Ave, San Francisco, CA 94103, USA","170A, South Van Ness Avenue, Hayes Valley, Mission District, San Francisco, California, 94103, United States",37.7704657,-122.4180415
"2760 Divisadero St, San Francisco, CA 94123, USA","2760, Divisadero Street, Pacific Heights, San Francisco, California, 94123, United States",37.7952018,-122.4416096
"42 Walter St, San Francisco, CA 94114, USA","42, Walter Street, Western Addition, San Francisco, California, 94143, United States",37.7684301,-122.4326107
"2300 16th St, San Francisco, CA 94103, USA","Jamba, 2300, 16th Street, Mission District, San Francisco, California, 94103, United States",37.7665115,-122.4087
"3160 Clay St, San Francisco, CA 94115, USA","3156;3158;3160, Clay Street, Jordan Park, Richmond District, San Francisco, California, 94118, United States",37.78953775,-122.4451202
"1117 Cayuga Ave, San Francisco, CA 94112, USA","1117, Cayuga Avenue, Excelsior, San Francisco, California, 94112, United States",37.72045505,-122.4405468
"148 Oriente St, Daly City, CA 94014, USA","148, Oriente Street, Bayshore, Daly City, San Mateo County, California, 94014, United States",37.70578457466609,-122.4145637
"50 28th St, San Francisco, CA 94110, USA","50, 28th Street, Noe Valley, San Francisco, California, 94114, United States",37.7456427,-122.4233624
"4963 Mission St, San Francisco, CA 94112, USA","4963, Mission Street, Excelsior, San Francisco, California, 94112, United States",37.71892135,-122.4388353
"2685 Diamond St, San Francisco, CA 94131, USA","2685,2685A, Diamond Street, Glen Park, San Francisco, California, 94131, United States",37.73627785,-122.4343085
"302 Potrero Ave, San Francisco, CA 94110, USA","McDonald's, 302, Potrero Avenue, Mission District, San Francisco, California, 94103, United States",37.765413,-122.4079344
"1919 Baker St, San Francisco, CA 94115, USA","1919, Baker Street, Anza Vista, Western Addition, San Francisco, California, 94115, United States",37.789227600000004,-122.4443204
"808 Twin Peaks Blvd, San Francisco, CA 94131, USA","808, Twin Peaks Boulevard, Midtown Terrace, San Francisco, California, 94131, United States",37.750202273895255,-122.4474412
"237 Oxford St, San Francisco, CA 94134, USA","237, Oxford Street, St. Mary's Park, San Francisco, California, 94134, United States",37.72693175,-122.4194725
"215 Harvard St, San Francisco, CA 94134, USA","215, Harvard Street, St. Mary's Park, San Francisco, California, 94134, United States",37.726922650000006,-122.4206225
"801 Silver Ave, San Francisco, CA 94134, USA","Cornerstone Academy, 801, Silver Avenue, Silver Terrace, Bayview District, San Francisco, California, 94134, United States",37.729588250000006,-122.4183334
"1063 Geneva Ave, San Francisco, CA 94112, USA","1063, Geneva Avenue, Crocker-Amazon, San Francisco, California, 94112, United States",37.715380100000004,-122.4381922
"25 Belcher St, San Francisco, CA 94114, USA","25;27, Belcher Street, Duboce Triangle, Mission District, San Francisco, California, 94143, United States",37.7688651,-122.4299992
"2925 Geneva Ave, Daly City, CA 94014, USA","2925, Geneva Avenue, Bayshore, Daly City, San Mateo County, California, 94014, United States",37.70662758643538,-122.4137609
"146 London St, San Francisco, CA 94112, USA","146, London Street, Excelsior, San Francisco, California, 94112, United States",37.7267806,-122.4324805
"227 Bemis St, San Francisco, CA 94131, USA","227, Bemis Street, Glen Park, San Francisco, California, 94112, United States",37.736261049999996,-122.4316306
"125 Schwerin St, San Francisco, CA 94134, USA","125, Schwerin Street, Visitacion Valley, San Francisco, California, 94134, United States",37.71168265,-122.4106748
"706 Acton St, Daly City, CA 94014, USA","706, Acton Street, Daly City, San Mateo County, California, 94014, United States",37.70391459239825,-122.4494941
"145 S Van Ness Ave, San Francisco, CA 94103, USA","Glass Plus Auto Glass, 145, South Van Ness Avenue, Hayes Valley, Mission District, San Francisco, California, 94103, United States",37.7712262,-122.4176859
"498 Bellevue Ave, Daly City, CA 94014, USA","498, Bellevue Avenue, Daly City, San Mateo County, California, 94014, United States",37.705031,-122.45117
"305 Ottilia St, Daly City, CA 94014, USA","305, Ottilia Street, Bayshore, Daly City, San Mateo County, California, 94014, United States",37.70506118202092,-122.4159187
"231 Seneca Ave, San Francisco, CA 94112, USA","231, Seneca Avenue, Excelsior, San Francisco, California, 94112, United States",37.7202894,-122.4431097
"845 Chenery St, San Francisco, CA 94131, USA","845, Chenery Street, Glen Park, San Francisco, California, 94112, United States",37.73477405,-122.4362846
"121 Accacia St, Daly City, CA 94014, USA","121, Accacia Street, Bayshore, Daly City, San Mateo County, California, 94014, United States",37.706407329601944,-122.415021
"5 Moffitt St, San Francisco, CA 94131, USA","5, Moffitt Street, Glen Park, San Francisco, California, 94131, United States",37.73670208190946,-122.4315806
"1699 Howard St, San Francisco, CA 94103, USA","1699, Howard Street, Hayes Valley, Mission District, San Francisco, California, 94103, United States",37.7702054,-122.4173063
"361 Frankfort St, Daly City, CA 94014, USA","361, Frankfort Street, Daly City, San Mateo County, California, 94014, United States",37.70461579955708,-122.4490912
"327 Arleta Ave, San Francisco, CA 94134, USA","327, Arleta Avenue, Visitacion Valley, San Francisco, California, 94134, United States",37.71447785,-122.4095838
"1949 Silver Ave, San Francisco, CA 94124, USA","1949, Silver Avenue, Silver Terrace, Bayview District, San Francisco, California, 94124, United States",37.73539665,-122.4011261
"19 Waterville St, San Francisco, CA 94124, USA","19, Waterville Street, Silver Terrace, Bayview District, San Francisco, California, 94124, United States",37.73555506122449,-122.4026892
"1257 Alemany Blvd, San Francisco, CA 94112, USA","1257, Alemany Boulevard, St. Mary's Park, San Francisco, California, 94112, United States",37.73007355,-122.4321806
"526 Naples St, San Francisco, CA 94112, USA","526, Naples Street, Excelsior, San Francisco, California, 94112, United States",37.720515899999995,-122.4317843
"80 Charter Oak Ave, San Francisco, CA 94124, USA","80, Charter Oak Avenue, Silver Terrace, Bayview District, San Francisco, California, 94124, United States",37.73708585,-122.4054756
"198 Florida St, San Francisco, CA 94103, USA","198, Florida Street, Mission District, San Francisco, California, 94110, United States",37.768231,-122.411818
"1618 Guerrero St, San Francisco, CA 94110, USA","1618, Guerrero Street, San Francisco, California, 94110, United States",37.74599346575342,-122.4224383
"420 Leland Ave, San Francisco, CA 94134, USA","420, Leland Avenue, McLaren Park Community Garden, San Francisco, California, 94134, United States",37.71400795,-122.412079
"2736 16th St, San Francisco, CA 94103, USA","2736, 16th Street, Mission District, San Francisco, California, 94103, United States",37.76547866823414,-122.4139634
"10 29th St, San Francisco, CA 94110, USA","10, 29th Street, Bernal Heights, San Francisco, California, 94110, United States",37.744105000000005,-122.4211848
"2300 16th St, San Francisco, CA 94103, USA","Jamba, 2300, 16th Street, Mission District, San Francisco, California, 94103, United States",37.7665115,-122.4087
"155 Duncan St, San Francisco, CA 94110, USA","155, Duncan Street, Noe Valley, San Francisco, California, 94110, United States",37.74622083673469,-122.4235458
"54 Valley St, San Francisco, CA 94110, USA","54;56, Valley Street, Noe Valley, San Francisco, California, 94114, United States",37.7449383,-122.4235049
"719 Sweeny St, San Francisco, CA 94134, USA","719, Sweeny Street, Silver Terrace, Bayview District, San Francisco, California, 94134, United States",37.730245190153475,-122.4180733
"1489 Folsom St, San Francisco, CA 94103, USA","Basil Canteen, 1489, Folsom Street, West SoMa, Mission District, San Francisco, California, 94103, United States",37.7718757,-122.4137834
"2300 16th St, San Francisco, CA 94103, USA","Jamba, 2300, 16th Street, Mission District, San Francisco, California, 94103, United States",37.7665115,-122.4087
"1770 15th St, San Francisco, CA 94103, USA","1770, 15th Street, Duboce Triangle, Mission District, San Francisco, California, 94103, United States",37.766525,-122.423655
"425 2nd St, San Francisco, CA 94107, USA","425, 2nd Street, Rincon Hill, South of Market, San Francisco, California, 94107, United States",37.78413175,-122.3944509
"617 San Jose Avenue, San Francisco, CA 94110, USA","617, San Jose Avenue, San Francisco, California, 94110, United States",37.74574441260291,-122.4218123
"631 Hanover St, Daly City, CA 94014, USA","631, Hanover Street, Top of the Hill, Daly City, San Mateo County, California, 94014, United States",37.706780280041876,-122.4498634
"731 Lisbon St, San Francisco, CA 94112, USA","731, Lisbon Street, Excelsior, San Francisco, California, 94112, United States",37.7168563,-122.4372609
"616 Rolph St, San Francisco, CA 94112, USA","616, Rolph Street, Crocker-Amazon, San Francisco, California, 94112, United States",37.7114653,-122.4324187
"370 Valencia St, San Francisco, CA 94103, USA","370, Valencia Street, Mission District, San Francisco, California, 90110, United States",37.7671313,-122.4223777
"263 Potrero Ave, San Francisco, CA 94103, USA","263, Potrero Avenue, Mission District, San Francisco, California, 94103, United States",37.766300183673465,-122.4074898
"322 Presidio Ave, San Francisco, CA 94115, USA","322, Presidio Avenue, Laurel Heights, San Francisco, California, 94115, United States",37.78879,-122.4468435
"140 Cuvier St, San Francisco, CA 94112, USA","140, Cuvier Street, St. Mary's Park, San Francisco, California, 94112, United States",37.732995872481474,-122.4285919
"2615 Scott St, San Francisco, CA 94123, USA","2615, Scott Street, Lower Pacific Heights, Western Addition, San Francisco, California, 94115, United States",37.79396815,-122.4401692
"355 Frankfort St, Daly City, CA 94014, USA","355, Frankfort Street, Daly City, San Mateo County, California, 94014, United States",37.70464699889271,-122.4490001
"359 Dore St, San Francisco, CA 94103, USA","359, Dore Street, West SoMa, South of Market, San Francisco, California, 94103, United States",37.770496397959185,-122.4088746
"3093 Sacramento St, San Francisco, CA 94115, USA","3093, Sacramento Street, Pacific Heights, San Francisco, California, 94115, United States",37.78851946938775,-122.4436882
"124 Oriente St, Daly City, CA 94014, USA","124, Oriente Street, Bayshore, Daly City, San Mateo County, California, 94014, United States",37.706162319999954,-122.4143964
"196 Elliot St, San Francisco, CA 94134, USA","196, Elliot Street, Visitacion Valley, San Francisco, California, 94134, United States",37.71520914285715,-122.4110702
"771 Sweeny St, San Francisco, CA 94134, USA","771, Sweeny Street, Silver Terrace, Bayview District, San Francisco, California, 94134, United States",37.73030421655372,-122.4188239
"341 Laidley St, San Francisco, CA 94131, USA","341, Laidley Street, Glen Park, San Francisco, California, 94112, United States",37.73729105,-122.4286998
"1299 San Jose Avenue, San Francisco, CA 94112, USA","1299, San Jose Avenue, St. Mary's Park, San Francisco, California, 94112, United States",37.734326,-122.42938
"359 Hermann St, San Francisco, CA 94117, USA","359, Hermann Street, Western Addition, San Francisco, California, 94117, United States",37.77004197959184,-122.4310017
"400 Duboce Ave, San Francisco, CA 94117, USA","Duboce Apartments, 400, Duboce Avenue, Western Addition, San Francisco, California, 94143, United States",37.76978645,-122.4294567
"564 Duboce Ave, San Francisco, CA 94117, USA","564, Duboce Avenue, Western Addition, San Francisco, California, 94117, United States",37.769143916666664,-122.4328269
"81 Albion St, San Francisco, CA 94103, USA","81, Albion Street, Mission District, San Francisco, California, 90110, United States",37.7653447,-122.4230176
"701 Bayshore Blvd, San Francisco, CA 94124, USA","701;707, Bayshore Boulevard, Silver Terrace, Bayview District, San Francisco, California, 94134, United States",37.73585355,-122.4062279
"1951 Lyon St, San Francisco, CA 94115, USA","1945;1947;1949;1951;1953;1955, Lyon Street, Anza Vista, Western Addition, San Francisco, California, 94115, United States",37.7889662,-122.4459698
"130 Joost Ave, San Francisco, CA 94131, USA","130, Joost Avenue, Glen Park, San Francisco, California, 94112, United States",37.732576050000006,-122.4382393
"75 W View Ave, San Francisco, CA 94134, USA","75, West View Avenue, St. Mary's Park, San Francisco, California, 94134, United States",37.731135836734694,-122.4178167
"459 Bellevue Ave, Daly City, CA 94014, USA","459, Bellevue Avenue, Daly City, San Mateo County, California, 94014, United States",37.705319127614814,-122.4497715
"121 Harvard St, San Francisco, CA 94134, USA","121, Harvard Street, St. Mary's Park, San Francisco, California, 94134, United States",37.728057449999994,-122.4210861
"257 Crescent Ave, San Francisco, CA 94110, USA","257, Crescent Avenue, Bernal Heights, San Francisco, California, 94134, United States",37.735181999999995,-122.4192079
"140 Potrero Ave, San Francisco, CA 94103, USA","140, Potrero Avenue, Mission District, San Francisco, California, 90103, United States",37.7676658,-122.4082453
"71 Lyell St, San Francisco, CA 94112, USA","71, Lyell Street, St. Mary's Park, San Francisco, California, 94112, United States",37.7316253,-122.4314853
"484 Chenery St, San Francisco, CA 94131, USA","484;486, Chenery Street, Glen Park, San Francisco, California, 94112, United States",37.7358399,-122.4302247
"2635 Green St, San Francisco, CA 94123, USA","2635, Green Street, Cow Hollow, San Francisco, California, 94123, United States",37.79501365,-122.4425375
"246 Richland Ave, San Francisco, CA 94110, USA","246, Richland Avenue, Bernal Heights, San Francisco, California, 94134, United States",37.7357088,-122.4217145
"869 Schwerin St, Daly City, CA 94014, USA","869, Schwerin Street, Bayshore, Daly City, San Mateo County, California, 94014, United States",37.703167883578246,-122.4145405
"1851 15th St, San Francisco, CA 94103, USA","1851, 15th Street, Duboce Triangle, Mission District, San Francisco, California, 94103, United States",37.766257,-122.425347
"107 28th St, San Francisco, CA 94131, USA","107, 28th Street, Noe Valley, San Francisco, California, 94114, United States",37.745270500000004,-122.4250458
"129 Steiner St, San Francisco, CA 94117, USA","129, Steiner Street, Lower Haight, Western Addition, San Francisco, California, 94143, United States",37.7703347,-122.4319525
"1675 Howard St, San Francisco, CA 94103, USA","1675, Howard Street, Hayes Valley, Mission District, San Francisco, California, 94103, United States",37.77046935,-122.4171871
"412 Valencia St, San Francisco, CA 94103, USA","412, Valencia Street, Mission District, San Francisco, California, 94103, United States",37.76623005263158,-122.4221173
"302 Silver Ave, San Francisco, CA 94112, USA","Silver Avenue, Sunnyside, San Francisco, California, 94112, United States",37.72926373190084,-122.4323051
"1201 Naples St, San Francisco, CA 94112, USA","1201, Naples Street, Crocker-Amazon, San Francisco, California, 94112, United States",37.711543750000004,-122.4377467
"2000 Folsom St, San Francisco, CA 94110, USA","Hampton Creek, Inc., 2000, Folsom Street, Mission District, San Francisco, California, 90110, United States",37.76483195,-122.4158452
"2672 Vallejo St, San Francisco, CA 94123, USA","2672, Vallejo Street, Cow Hollow, San Francisco, California, 94123, United States",37.794504,-122.441436
"431 Vienna St, San Francisco, CA 94112, USA","431, Vienna Street, Excelsior, San Francisco, California, 94112, United States",37.7214192,-122.4294266
"92 Charter Oak Ave, San Francisco, CA 94124, USA","92, Charter Oak Avenue, Silver Terrace, Bayview District, San Francisco, California, 94124, United States",37.73661031819829,-122.4048415
"247 Madrid St, San Francisco, CA 94112, USA","247, Madrid Street, Excelsior, San Francisco, California, 94112, United States",37.72543005,-122.4296448
"974 Geneva Ave, San Francisco, CA 94112, USA","974, Geneva Avenue, Crocker-Amazon, San Francisco, California, 94112, United States",37.71569795,-122.4401008
"110 Steiner St, San Francisco, CA 94117, USA","110, Steiner Street, Lower Haight, Western Addition, San Francisco, California, 94143, United States",37.770327050000006,-122.4315338
"1253 Geneva Ave, San Francisco, CA 94112, USA","1253, Geneva Avenue, Crocker-Amazon, San Francisco, California, 94112, United States",37.71388388,-122.4351279
"165 Burnside Ave, San Francisco, CA 94131, USA","165, Burnside Avenue, Glen Park, San Francisco, California, 94112, United States",37.73354865,-122.4384932
"3169 Clay St, San Francisco, CA 94115, USA","3169, Clay Street, Jordan Park, Richmond District, San Francisco, California, 94118, United States",37.7891335,-122.4451989
"598 Harrison St, San Francisco, CA 94105, USA","598, Harrison Street, Rincon Hill, South of Market, San Francisco, California, 94105, United States",37.78434819888101,-122.3949666
"528 Folsom St, San Francisco, CA 94105, USA","528, Folsom Street, Transbay, South of Market, San Francisco, California, 94105, United States",37.78700235,-122.3955956
"91 Charter Oak Ave, San Francisco, CA 94124, USA","91, Charter Oak Avenue, Silver Terrace, Bayview District, San Francisco, California, 94124, United States",37.736858600000005,-122.404562
"145 Oxford St, San Francisco, CA 94134, USA","145, Oxford Street, St. Mary's Park, San Francisco, California, 94134, United States",37.72803646938775,-122.4200501
"1399 15th St, San Francisco, CA 94103, USA","1399, 15th Street, Mission District, San Francisco, California, 94103, United States",37.766864,-122.415299
"270 Arleta Ave, San Francisco, CA 94134, USA","270, Arleta Avenue, Visitacion Valley, San Francisco, California, 94134, United States",37.7144552,-122.408227
"57 Morse St, San Francisco, CA 94112, USA","57, Morse Street, Crocker-Amazon, San Francisco, California, 94112, United States",37.7132109,-122.4378256
"19 Waterville St, San Francisco, CA 94124, USA","19, Waterville Street, Silver Terrace, Bayview District, San Francisco, California, 94124, United States",37.73555506122449,-122.4026892
"152 Helena St, San Francisco, CA 94124, USA","152, Helena Street, Silver Terrace, Bayview District, San Francisco, California, 94124, United States",37.73657435,-122.4045099
"78 Sanchez St, San Francisco, CA 94114, USA","78;80, Sanchez Street, Western Addition, San Francisco, California, 94143, United States",37.768012049999996,-122.4315105
"1218 Market St, San Francisco, CA 94102, USA","1218, Market Street, Civic Center, South of Market, San Francisco, California, 94102, United States",37.77856861,-122.4151508
"2134 Market St, San Francisco, CA 94114, USA","2134, Market Street, Duboce Triangle, Mission District, San Francisco, California, 94114, United States",37.767051291355585,-122.429756
"1138 Cayuga Ave, San Francisco, CA 94112, USA","1138, Cayuga Avenue, Excelsior, San Francisco, California, 94112, United States",37.720331,-122.440969
"3100 Washington St, San Francisco, CA 94115, USA","3100, Washington Street, Presidio Terrace, Richmond District, San Francisco, California, 94115, United States",37.790389,-122.44447
"1599 Folsom St, San Francisco, CA 94103, USA","1599, Folsom Street, Hayes Valley, Mission District, San Francisco, California, 94103, United States",37.770947,-122.414821
"146 Paris St, San Francisco, CA 94112, USA","146, Paris Street, Excelsior, San Francisco, California, 94112, United States",37.726409450000006,-122.431697
"575 Athens St, San Francisco, CA 94112, USA","575, Athens Street, Crocker-Amazon, San Francisco, California, 94112, United States",37.718833950000004,-122.4303032
"2460 Alameda St, San Francisco, CA 94103, USA","2460, Alameda Street, Mission District, San Francisco, California, 90103, United States",37.7685525,-122.4096402
"310 Alemany Blvd, San Francisco, CA 94110, USA","310, Alemany Boulevard, St. Mary's Park, San Francisco, California, 94110, United States",37.73456062398739,-122.4114635
"572 Harrison St, San Francisco, CA 94105, USA","572, Harrison Street, Rincon Hill, South of Market, San Francisco, California, 94105, United States",37.784561369787305,-122.394697
"1612 Dolores St, San Francisco, CA 94110, USA","1612, Dolores Street, San Francisco, California, 94110, United States",37.74359204347826,-122.4241838
"2646 Vallejo St, San Francisco, CA 94123, USA","2646, Vallejo Street, Cow Hollow, San Francisco, California, 94115, United States",37.79476125,-122.4408812
"225 Pioche St, San Francisco, CA 94134, USA","Portola Baptist Church, 225, Pioche Street, St. Mary's Park, San Francisco, California, 94134, United States",37.72820825,-122.4207954
"1998 Baker St, San Francisco, CA 94115, USA","1998, Baker Street, Anza Vista, Western Addition, San Francisco, California, 94115, United States",37.789348,-122.443992
"330 10th St, San Francisco, CA 94103, USA","Octane, 330, 10th Street, West SoMa, South of Market, San Francisco, California, 94103, United States",37.77210345,-122.4126809
"399 Arleta Ave, San Francisco, CA 94134, USA","399, Arleta Avenue, Visitacion Valley, San Francisco, California, 94134, United States",37.71489755,-122.4109598
"360 Frankfort St, Daly City, CA 94014, USA","360, Frankfort Street, Daly City, San Mateo County, California, 94014, United States",37.70487553930017,-122.4488571
"3107 Sacramento St, San Francisco, CA 94115, USA","3107, Sacramento Street, Pacific Heights, San Francisco, California, 94115, United States",37.788459714285715,-122.4441601
"25 Essex St, San Francisco, CA 94105, USA","25, Essex Street, Rincon Hill, South of Market, San Francisco, California, 94105, United States",37.786190331461555,-122.3952614
"727 Foerster St, San Francisco, CA 94127, USA","727, Foerster Street, Sunnyside, San Francisco, California, 94127, United States",37.73462242124041,-122.4487816
"718 Schwerin St, Daly City, CA 94014, USA","718, Schwerin Street, Bayshore, Daly City, San Mateo County, California, 94014, United States",37.70601816411691,-122.4134965
"13th St, San Francisco, CA 94103, USA","13th Street, Mission District, San Francisco, California, 94103, United States",37.7695573,-122.412632
"190 Edinburgh St, San Francisco, CA 94112, USA","190, Edinburgh Street, Excelsior, San Francisco, California, 94112, United States",37.72614015,-122.4285343
"110 Roscoe St, San Francisco, CA 94110, USA","110, Roscoe Street, Bernal Heights, San Francisco, California, 94110, United States",37.73384826530612,-122.418936
"350 Treat Ave, San Francisco, CA 94110, USA","350, Treat Avenue, Mission District, San Francisco, California, 94110, United States",37.76461257142857,-122.4134871
"214 Madison St, San Francisco, CA 94134, USA","214, Madison Street, St. Mary's Park, San Francisco, California, 94134, United States",37.7261719,-122.4229294
"34 Essex St, San Francisco, CA 94105, USA","34, Essex Street, Rincon Hill, South of Market, San Francisco, California, 94107, United States",37.78601587747578,-122.3953361
"395 Frankfort St, Daly City, CA 94014, USA","395, Frankfort Street, Daly City, San Mateo County, California, 94014, United States",37.70439723762181,-122.4497328
"855 Lisbon St, San Francisco, CA 94112, USA","855, Lisbon Street, Excelsior, San Francisco, California, 94112, United States",37.715599350000005,-122.4381354
"3150 California St, San Francisco, CA 94115, USA","Audiological Services of San Francisco, 3150, California Street, Lower Pacific Heights, San Francisco, California, 94115, United States",37.7875875,-122.4463465
"646 Harrison St, San Francisco, CA 94107, USA","646, Harrison Street, Rincon Hill, South of Market, San Francisco, California, 94107, United States",37.783586,-122.396225
"379 2nd St, San Francisco, CA 94107, USA","379, 2nd Street, Transbay, South of Market, San Francisco, California, 94107, United States",37.785138714285715,-122.3960524
"454 Mangels Ave, San Francisco, CA 94127, USA","454, Mangels Avenue, Glen Park, San Francisco, California, 94112, United States",37.733254849999994,-122.4478849
"1398 15th St, San Francisco, CA 94103, USA","1398, 15th Street, Mission District, San Francisco, California, 94103, United States",37.767028,-122.415315
"817 Geneva Ave, San Francisco, CA 94112, USA","817, Geneva Avenue, Outer Mission, San Francisco, California, 94112, United States",37.7177276,-122.4419023
"3119 Pierce St, San Francisco, CA 94123, USA","3119;3121;3123;3125, Pierce Street, Cow Hollow, San Francisco, California, 94123, United States",37.7989245,-122.4394466
"36 Bemis St, San Francisco, CA 94131, USA","36, Bemis Street, Glen Park, San Francisco, California, 94131, United States",37.73818886628324,-122.4290994
"1998 Market St, San Francisco, CA 94102, USA","1998, Market Street, Western Addition, San Francisco, California, 94102, United States",37.769742,-122.426366
"2460 Alameda St, San Francisco, CA 94103, USA","2460, Alameda Street, Mission District, San Francisco, California, 90103, United States",37.7685525,-122.4096402
"273 2nd St, San Francisco, CA 94105, USA","273, 2nd Street, Transbay, South of Market, San Francisco, California, 94105, United States",37.78579116129032,-122.396871
"12 Avalon Ave, San Francisco, CA 94112, USA","12, Avalon Avenue, Excelsior, San Francisco, California, 94112, United States",37.727482270833335,-122.432324
"35 Tingley St, San Francisco, CA 94112, USA","35, Tingley Street, Sunnyside, San Francisco, California, 94112, United States",37.72854215,-122.4328122
"176 Oliver St, Daly City, CA 94014, USA","176, Oliver Street, Daly City, San Mateo County, California, 94014, United States",37.70734757580369,-122.4494276
"2460 Alameda St, San Francisco, CA 94103, USA","2460, Alameda Street, Mission District, San Francisco, California, 90103, United States",37.7685525,-122.4096402
"2300 16th St, San Francisco, CA 94103, USA","Jamba, 2300, 16th Street, Mission District, San Francisco, California, 94103, United States",37.7665115,-122.4087
"141 Treat St, San Francisco, CA 94103, USA",Not Found,37.767399,-122.408401
"141 Hampshire St, San Francisco, CA 94103, USA","141, Hampshire Street, Mission District, San Francisco, California, 94103, United States",37.768069173469385,-122.4088305
"1606 Guerrero St, San Francisco, CA 94110, USA","1606, Guerrero Street, San Francisco, California, 94110, United States",37.74603883561644,-122.4224432
"1599 Geneva Ave, San Francisco, CA 94112, USA","1599, Geneva Avenue, Crocker-Amazon, San Francisco, California, 94134, United States",37.712122978034365,-122.4294488
"760 14th St, San Francisco, CA 94114, USA","760, 14th Street, Duboce Triangle, Mission District, San Francisco, California, 94143, United States",37.7678458,-122.4304796
"191 Madrid St, San Francisco, CA 94112, USA","191, Madrid Street, Excelsior, San Francisco, California, 94112, United States",37.726347149999995,-122.4289698
"2817 Scott St, San Francisco, CA 94123, USA","2817, Scott Street, Lower Pacific Heights, Western Addition, San Francisco, California, 94115, United States",37.79609705,-122.4406395
"701 Bayshore Blvd, San Francisco, CA 94124, USA","701;707, Bayshore Boulevard, Silver Terrace, Bayview District, San Francisco, California, 94134, United States",37.73585355,-122.4062279
"2098 15th St, San Francisco, CA 94114, USA","2098, 15th Street, Duboce Triangle, Mission District, San Francisco, California, 94114, United States",37.765949479166665,-122.4304833
"1625 Howard St, San Francisco, CA 94103, USA","1625, Howard Street, Hayes Valley, Mission District, San Francisco, California, 94103, United States",37.77131635315419,-122.4170167
"748 Rolph St, San Francisco, CA 94112, USA","748, Rolph Street, Crocker-Amazon, San Francisco, California, 94112, United States",37.71162035,-122.4309673
"2506 Filbert St, San Francisco, CA 94123, USA","2506, Filbert Street, Cow Hollow, San Francisco, California, 94123, United States",37.7975783,-122.4409361
"3176 17th St, San Francisco, CA 94110, USA","Mission Bowling Club, 3176, 17th Street, Mission District, San Francisco, California, 94110, United States",37.7639169,-122.4167048
"567 10th St, San Francisco, CA 94103, USA","567, 10th Street, South of Market, San Francisco, California, 94103, United States",37.769969833333334,-122.4091121
"831 Chenery St, San Francisco, CA 94131, USA","831, Chenery Street, Glen Park, San Francisco, California, 94112, United States",37.73471585,-122.4361819
"2935 Pacific Ave, San Francisco, CA 94115, USA","2935, Pacific Avenue, Pacific Heights, San Francisco, California, 94115, United States",37.7919846,-122.4435899
"236 Guerrero St, San Francisco, CA 94103, USA","236;238, Guerrero Street, Duboce Triangle, Mission District, San Francisco, California, 94143, United States",37.76735155,-122.4246338
"118 Rousseau St, San Francisco, CA 94112, USA","118, Rousseau Street, St. Mary's Park, San Francisco, California, 94112, United States",37.732842649999995,-122.4304129
"3193 Washington St, San Francisco, CA 94115, USA","3193, Washington Street, Presidio Terrace, Richmond District, San Francisco, California, 94115, United States",37.79006734693877,-122.4456828
"588 Duboce Ave, San Francisco, CA 94114, USA","588, Duboce Avenue, Western Addition, San Francisco, California, 94117, United States",37.769117916666666,-122.4332254
"2455 Union St, San Francisco, CA 94123, USA","2455, Union Street, Cow Hollow, San Francisco, California, 94123, United States",37.796351650000005,-122.4395855
"56 Julian Ave, San Francisco, CA 94103, USA","56, Julian Avenue, Mission District, San Francisco, California, 90110, United States",37.767336349999994,-122.4213734
"166 Accacia St, Daly City, CA 94014, USA","166, Accacia Street, Bayshore, Daly City, San Mateo County, California, 94014, United States",37.70573895173048,-122.4155371
"318 2nd St, San Francisco, CA 94105, USA","318, 2nd Street, Transbay, South of Market, San Francisco, California, 94107, United States",37.785195,-122.3964161
"869 Schwerin St, Daly City, CA 94014, USA","869, Schwerin Street, Bayshore, Daly City, San Mateo County, California, 94014, United States",37.703167883578246,-122.4145405
"742 Chenery St, San Francisco, CA 94131, USA","742, Chenery Street, Glen Park, San Francisco, California, 94112, United States",37.73481985,-122.4349707
"198 Grove St, San Francisco, CA 94102, USA","198, Grove Street, Civic Center, South of Market, San Francisco, California, 94102, United States",37.778759,-122.416443
"777 Twin Peaks Blvd, San Francisco, CA 94131, USA","777, Twin Peaks Boulevard, Midtown Terrace, San Francisco, California, 94131, United States",37.750753212426545,-122.448225
"255 12th St, San Francisco, CA 94103, USA","255, 12th Street, West SoMa, Mission District, San Francisco, California, 94103, United States",37.7715635,-122.4154969
"Essex St, San Francisco, CA 94105, USA","Essex Street, Rincon Hill, South of Market, San Francisco, California, 94105, United States",37.78573924001551,-122.394927
"2460 Alameda St, San Francisco, CA 94103, USA","2460, Alameda Street, Mission District, San Francisco, California, 90103, United States",37.7685525,-122.4096402
"2100 Revere Ave, San Francisco, CA 94124, USA","2100, Revere Avenue, Silver Terrace, Bayview District, San Francisco, California, 94124, United States",37.7371823,-122.3995083
"1850 Baker St, San Francisco, CA 94115, USA","1824;1848;1850, Baker Street, Anza Vista, Western Addition, San Francisco, California, 94115, United States",37.78812955,-122.4435791
"500 College Ave, San Francisco, CA 94112, USA","500, College Avenue, St. Mary's Park, San Francisco, California, 94134, United States",37.7327662,-122.4238494
"2398 Alameda St, San Francisco, CA 94103, USA","Alameda Street, Mission District, San Francisco, California, 90103, United States",37.76819171761691,-122.4106804
"155 Oriente St, Daly City, CA 94014, USA","155, Oriente Street, Bayshore, Daly City, San Mateo County, California, 94014, United States",37.70563513671657,-122.4144099
"67 Belcher St, San Francisco, CA 94114, USA","67, Belcher Street, Duboce Triangle, Mission District, San Francisco, California, 94114, United States",37.768275571428575,-122.4300357
"45 Addison St, San Francisco, CA 94131, USA","45, Addison Street, Glen Park, San Francisco, California, 94131, United States",37.737744947504225,-122.4305155
"232 Acton St, Daly City, CA 94014, USA","232, Acton Street, Daly City, San Mateo County, California, 94014, United States",37.705997148108615,-122.4512711
"680 Twin Peaks Blvd, San Francisco, CA 94131, USA","680, Twin Peaks Boulevard, Midtown Terrace, San Francisco, California, 94131, United States",37.751198988060125,-122.4487018
"860 Geneva Ave, San Francisco, CA 94112, USA","860, Geneva Avenue, Outer Mission, San Francisco, California, 94112, United States",37.717144905641405,-122.4412963
"84 Duboce Ave, San Francisco, CA 94103, USA","Duboce Avenue, Mission District, San Francisco, California, 90110, United States",37.77000488034486,-122.4205704
"3345 Mission St, San Francisco, CA 94110, USA","3345, Mission Street, Bernal Heights, San Francisco, California, 94110, United States",37.743268263157894,-122.4212747
"25 Harvard St, San Francisco, CA 94134, USA","25, Harvard Street, St. Mary's Park, San Francisco, California, 94134, United States",37.7285422,-122.4212715
"2650 Pierce St, San Francisco, CA 94123, USA","2650, Pierce Street, Pacific Heights, San Francisco, California, 94123, United States",37.79450515,-122.4381685
"302 Potrero Ave, San Francisco, CA 94103, USA","McDonald's, 302, Potrero Avenue, Mission District, San Francisco, California, 94103, United States",37.765413,-122.4079344
"631 Hanover St, Daly City, CA 94014, USA","631, Hanover Street, Top of the Hill, Daly City, San Mateo County, California, 94014, United States",37.706780280041876,-122.4498634
"146 Hamerton Ave, San Francisco, CA 94131, USA","146, Hamerton Avenue, Glen Park, San Francisco, California, 94112, United States",37.733514650000004,-122.4380095
"1 Waterville St, San Francisco, CA 94124, USA","1, Waterville Street, Silver Terrace, Bayview District, San Francisco, California, 94124, United States",37.735774,-122.40271
"418 Munich St, San Francisco, CA 94112, USA","418, Munich Street, Excelsior, San Francisco, California, 94112, United States",37.7190968,-122.4284821
"302 Potrero Ave, San Francisco, CA 94110, USA","McDonald's, 302, Potrero Avenue, Mission District, San Francisco, California, 94103, United States",37.765413,-122.4079344
"439 Chenery St, San Francisco, CA 94131, USA","439;443, Chenery Street, Glen Park, San Francisco, California, 94112, United States",37.73594865,-122.4294627
"125 Tiffany Ave, San Francisco, CA 94110, USA","125, Tiffany Avenue, San Francisco, California, 90110, United States",37.74495065,-122.4211875
"18 W View Ave, San Francisco, CA 94134, USA","18, West View Avenue, St. Mary's Park, San Francisco, California, 94134, United States",37.731048333333334,-122.41885
"3713 Cesar Chavez St, San Francisco, CA 94110, USA","3713, Cesar Chavez Street, Noe Valley, Mission District, San Francisco, California, 94110, United States",37.747857753500895,-122.4229186
"1451 Guerrero St, San Francisco, CA 94110, USA","1451, Guerrero Street, Mission District, San Francisco, California, 94110, United States",37.747311,-122.422224
"381 Madison St, San Francisco, CA 94134, USA","381, Madison Street, St. Mary's Park, San Francisco, California, 94134, United States",37.72448675,-122.4218061
"245 S Van Ness Ave, San Francisco, CA 94103, USA","245, South Van Ness Avenue, Mission District, San Francisco, California, 94103, United States",37.768772591836736,-122.4176892
"60 Pierce St, San Francisco, CA 94117, USA","60, Pierce Street, Western Addition, San Francisco, California, 94143, United States",37.770087000000004,-122.4332033
"3234 Sacramento St, San Francisco, CA 94115, USA","3234, Sacramento Street, Pacific Heights, San Francisco, California, 94115, United States",37.78837712244898,-122.446133
"1488 Harrison St, San Francisco, CA 94103, USA","1488;1498, Harrison Street, West SoMa, Mission District, San Francisco, California, 94103, United States",37.7709411,-122.4124246
"45 Conkling St, San Francisco, CA 94124, USA","45, Conkling Street, Silver Terrace, Bayview District, San Francisco, California, 94124, United States",37.73578320460068,-122.4019158
"349 2nd St, San Francisco, CA 94107, USA","349, 2nd Street, Transbay, South of Market, San Francisco, California, 94107, United States",37.78528228571429,-122.396233
"338 Bosworth St, San Francisco, CA 94112, USA","338, Bosworth Street, St. Mary's Park, San Francisco, California, 94112, United States",37.73344022,-122.4298011
"164 Bemis St, San Francisco, CA 94131, USA","164, Bemis Street, Glen Park, San Francisco, California, 94131, United States",37.73704645,-122.4308543
"421 Alemany Blvd, San Francisco, CA 94112, USA","421, Alemany Boulevard, St. Mary's Park, San Francisco, California, 94110, United States",37.73304903902642,-122.4144835
"718 Schwerin St, Daly City, CA 94014, USA","718, Schwerin Street, Bayshore, Daly City, San Mateo County, California, 94014, United States",37.70601816411691,-122.4134965
"2740 16th St, San Francisco, CA 94103, USA","2740, 16th Street, Mission District, San Francisco, California, 94103, United States",37.76547396,-122.4140406
"100 Larkin St, San Francisco, CA 94102, USA","San Francisco Main Library, 100, Larkin Street, Civic Center, South of Market, San Francisco, California, 94102, United States",37.779196850000005,-122.4157854
"95 Scotia Ave, San Francisco, CA 94124, USA","95, Scotia Avenue, Silver Terrace, Bayview District, San Francisco, California, 94124, United States",37.73313855,-122.4006272
"1940 Harrison St, San Francisco, CA 94103, USA","1940, Harrison Street, Mission District, San Francisco, California, 94103, United States",37.76617518367347,-122.4132786
"1411 Dolores St, San Francisco, CA 94110, USA","1411, Dolores Street, San Francisco, California, 94110, United States",37.74680704166667,-122.4244989
"200 Larkin St, San Francisco, CA 94102, USA","Asian Art Museum of San Francisco, 200, Larkin Street, Civic Center, South of Market, San Francisco, California, 94102, United States",37.7802982,-122.4159746
"480 Raymond Ave, San Francisco, CA 94134, USA","480, Raymond Avenue, Visitacion Valley, San Francisco, California, 94134, United States",37.71492581632653,-122.4130545
"1915 Quint St, San Francisco, CA 94124, USA","1915, Quint Street, Silver Terrace, Bayview District, San Francisco, California, 94124, United States",37.73366005,-122.3994545
"2425 Alameda St, San Francisco, CA 94103, USA","2425, Alameda Street, Mission District, San Francisco, California, 94103, United States",37.76819720408163,-122.4090502
"2200 Alemany Blvd, San Francisco, CA 94112, USA","Alemany Boulevard, Ocean View, San Francisco, California, 94112, United States",37.71044305,-122.4548794
"116 Miguel St, San Francisco, CA 94131, USA","116, Miguel Street, Glen Park, San Francisco, California, 94131, United States",37.73795995,-122.4287048
"1750 Folsom St, San Francisco, CA 94103, USA","1750, Folsom Street, Mission District, San Francisco, California, 94103, United States",37.76894410204082,-122.4157165
"111 Cayuga Ave, San Francisco, CA 94112, USA","111, Cayuga Avenue, Excelsior, San Francisco, California, 94112, United States",37.731025900000006,-122.4307054
"75 Van Buren St, San Francisco, CA 94131, USA","75, Van Buren Street, Glen Park, San Francisco, California, 94112, United States",37.7359615,-122.4356193
"60 28th St, San Francisco, CA 94110, USA","60, 28th Street, Noe Valley, San Francisco, California, 94114, United States",37.745720750000004,-122.4234758
"41 Cuvier St, San Francisco, CA 94112, USA","41;43, Cuvier Street, St. Mary's Park, San Francisco, California, 94112, United States",37.7342896,-122.4285198
"42 Curtis St, San Francisco, CA 94112, USA","42, Curtis Street, Crocker-Amazon, San Francisco, California, 94112, United States",37.71429825,-122.4401889
"121 Bosworth St, San Francisco, CA 94112, USA","121, Bosworth Street, St. Mary's Park, San Francisco, California, 94112, United States",37.7333441,-122.4280683
"1990 Quint St, San Francisco, CA 94124, USA","1990, Quint Street, Silver Terrace, Bayview District, San Francisco, California, 94124, United States",37.733093350000004,-122.4005594
"759 14th St, San Francisco, CA 94114, USA","759;761;763, 14th Street, Duboce Triangle, Mission District, San Francisco, California, 94143, United States",37.76751765,-122.4303158
"2075 Folsom St, San Francisco, CA 94110, USA","2075, Folsom Street, Mission District, San Francisco, California, 90110, United States",37.764183349999996,-122.414846
"3035 Pierce St, San Francisco, CA 94123, USA","3035, Pierce Street, Cow Hollow, San Francisco, California, 94123, United States",37.798116449999995,-122.4393582
"2039 Silver Ave, San Francisco, CA 94124, USA","2039, Silver Avenue, Silver Terrace, Bayview District, San Francisco, California, 94124, United States",37.73597005,-122.3998866
"463 Naples St, San Francisco, CA 94112, USA","463, Naples Street, Excelsior, San Francisco, California, 94112, United States",37.7213261,-122.4305643
"232 Bemis St, San Francisco, CA 94131, USA","232, Bemis Street, Glen Park, San Francisco, California, 94112, United States",37.7364776,-122.4318825
"2193 16th St, San Francisco, CA 94103, USA","2193, 16th Street, Mission District, San Francisco, California, 94103, United States",37.76564332723372,-122.408497
"778 14th St, San Francisco, CA 94114, USA","778;776, 14th Street, Duboce Triangle, Mission District, San Francisco, California, 94143, United States",37.7678654,-122.4306974
"4249 Mission St, San Francisco, CA 94112, USA","4249, Mission Street, St. Mary's Park, San Francisco, California, 94112, United States",37.72943204878049,-122.4304052
"48 Pierce St, San Francisco, CA 94117, USA","46;48, Pierce Street, Western Addition, San Francisco, California, 94143, United States",37.7698817,-122.4331587
"706 Foerster St, San Francisco, CA 94127, USA","706, Foerster Street, Sunnyside, San Francisco, California, 94127, United States",37.73436844365347,-122.4494754
"373 Frankfort St, Daly City, CA 94014, USA","373, Frankfort Street, Daly City, San Mateo County, California, 94014, United States",37.70447597105699,-122.449501
"190 Madison St, San Francisco, CA 94134, USA","190, Madison Street, St. Mary's Park, San Francisco, California, 94134, United States",37.726785199999995,-122.4231465
"48 Chilton Ave, San Francisco, CA 94131, USA","48, Chilton Avenue, Glen Park, San Francisco, California, 94112, United States",37.73462025,-122.4367421
"410 Van Ness Ave, San Francisco, CA 94102, USA","410, Van Ness Avenue, Hayes Valley, San Francisco, California, 94102, United States",37.77922085353536,-122.4202712
"631 Folsom St, San Francisco, CA 94107, USA","Blu Condos, 631, Folsom Street, Transbay, South of Market, San Francisco, California, 94107, United States",37.78480065,-122.3968818
"450 10th St, San Francisco, CA 94103, USA","Costco, 450, 10th Street, West SoMa, South of Market, San Francisco, California, 94103, United States",37.77028315,-122.4108614
"315 Harvard St, San Francisco, CA 94134, USA","315, Harvard Street, St. Mary's Park, San Francisco, California, 94134, United States",37.725767649999995,-122.4201681
"339 Guerrero St, San Francisco, CA 94103, USA","339, Guerrero Street, Duboce Triangle, Mission District, San Francisco, California, 94103, United States",37.76572640816327,-122.4243415
"1625 Howard St, San Francisco, CA 94103, USA","1625, Howard Street, Hayes Valley, Mission District, San Francisco, California, 94103, United States",37.77131635315419,-122.4170167
"355 McAllister St, San Francisco, CA 94102, USA","Civic Center Garage, 355, McAllister Street, Civic Center, San Francisco, California, 94102, United States",37.7802778,-122.417475
"1965 Harrison St, San Francisco, CA 94103, USA","1965, Harrison Street, Mission District, San Francisco, California, 94103, United States",37.76593469387755,-122.4130473
"334 Laidley St, San Francisco, CA 94131, USA","334, Laidley Street, Glen Park, San Francisco, California, 94112, United States",37.7375679,-122.4288675
"196 Rickard St, San Francisco, CA 94134, USA","196, Rickard Street, San Francisco, California, 94134, United States",37.73385815591082,-122.4087176
"458 Mangels Ave, San Francisco, CA 94127, USA","458, Mangels Avenue, Glen Park, San Francisco, California, 94112, United States",37.733284100000006,-122.4479827
"2601 Vallejo St, San Francisco, CA 94123, USA","2601, Vallejo Street, Cow Hollow, San Francisco, California, 94115, United States",37.79442995,-122.4402437
"36A Monterey Blvd, San Francisco, CA 94131, USA","Monterey Boulevard, Sunnyside, San Francisco, California, 94112, United States",37.73159538079552,-122.4487357
"301 Amazon Ave, San Francisco, CA 94112, USA","301, Amazon Avenue, Excelsior, San Francisco, California, 94112, United States",37.7163547,-122.437623
"801 Silver Ave, San Francisco, CA 94134, USA","Cornerstone Academy, 801, Silver Avenue, Silver Terrace, Bayview District, San Francisco, California, 94134, United States",37.729588250000006,-122.4183334
"848 Foerster St, San Francisco, CA 94127, USA","848, Foerster Street, Sunnyside, San Francisco, California, 94131, United States",37.7364494,-122.4478988
"58 Monterey Blvd, San Francisco, CA 94131, USA","58, Monterey Boulevard, Sunnyside, San Francisco, California, 94112, United States",37.731758514580875,-122.4372317
"901 Naples St, San Francisco, CA 94112, USA","901, Naples Street, Excelsior, San Francisco, California, 94112, United States",37.71518345,-122.435176
"1198 San Jose Avenue, San Francisco, CA 94131, USA","1198, San Jose Avenue, St. Mary's Park, San Francisco, California, 94131, United States",37.734001,-122.430848
"2018 Market St, San Francisco, CA 94114, USA","2018, Market Street, Duboce Triangle, Mission District, San Francisco, California, 94114, United States",37.768625273815786,-122.4272193
"736 14th St, San Francisco, CA 94114, USA","Maru Dojo, 736, 14th Street, Duboce Triangle, Mission District, San Francisco, California, 94114, United States",37.7677787,-122.4297802
"339 McAllister St, San Francisco, CA 94102, USA","339, McAllister Street, Civic Center, San Francisco, California, 94102, United States",37.78030269387755,-122.4176061
"2554 Greenwich St, San Francisco, CA 94123, USA","2554, Greenwich Street, Cow Hollow, San Francisco, California, 94123, United States",37.7983949,-122.4418427
"1798 Visitacion Ave, San Francisco, CA 94134, USA","Visitacion Avenue, Visitacion Valley, San Francisco, California, 94134, United States",37.71691629,-122.4121161
"98 Noe St, San Francisco, CA 94114, USA","Noe Street, Castro District, Mission District, San Francisco, California, 94114, United States",37.76022776585493,-122.4327165
"39 Woodward St, San Francisco, CA 94103, USA","39;41, Woodward Street, Mission District, San Francisco, California, 90110, United States",37.769245,-122.4207309
"456 Laidley St, San Francisco, CA 94131, USA","456, Laidley Street, Glen Park, San Francisco, California, 94112, United States",37.73649135,-122.4304435
"499 Division St, San Francisco, CA 94103, USA","499, Division Street, Mission District, San Francisco, California, 94103, United States",37.768699,-122.411572
"1499 Harrison St, San Francisco, CA 94103, USA","1499, Harrison Street, West SoMa, Mission District, San Francisco, California, 94103, United States",37.771164,-122.411657
"391 Teddy Ave, San Francisco, CA 94134, USA","391, Teddy Avenue, Visitacion Valley, San Francisco, California, 94134, United States",37.7155288,-122.410505
"161 Edinburgh St, San Francisco, CA 94112, USA","161, Edinburgh Street, Excelsior, San Francisco, California, 94112, United States",37.72637265,-122.4278387
"341 Raymond Ave, San Francisco, CA 94134, USA","341, Raymond Avenue, Visitacion Valley, San Francisco, California, 94134, United States",37.713906550000004,-122.4101066
"225 Potrero Ave, San Francisco, CA 94103, USA","225, Potrero Avenue, Mission District, San Francisco, California, 90103, United States",37.76662965,-122.4071663
"2001 Market St, San Francisco, CA 94114, USA","2001, Market Street, Duboce Triangle, Mission District, San Francisco, California, 94114, United States",37.7683262,-122.4269663
"657 Silver Ave, San Francisco, CA 94134, USA","657, Silver Avenue, St. Mary's Park, San Francisco, California, 94134, United States",37.72891514365609,-122.4224538
"633 Folsom St, San Francisco, CA 94107, USA","633, Folsom Street, Transbay, South of Market, San Francisco, California, 94105, United States",37.7845376,-122.3972187
"998 Brannan St, San Francisco, CA 94103, USA","998, Brannan Street, West SoMa, South of Market, San Francisco, California, 94103, United States",37.770195,-122.406964
"1628 San Jose Avenue, San Francisco, CA 94112, USA","1628, San Jose Avenue, Sunnyside, San Francisco, California, 94112, United States",37.730801790950345,-122.435408
"31 Hayes St, San Francisco, CA 94102, USA","31, Hayes Street, Civic Center, South of Market, San Francisco, California, 94102, United States",37.777732343749996,-122.4169743
"1501 Bryant St, San Francisco, CA 94103, USA","1501, Bryant Street, Mission District, San Francisco, California, 94103, United States",37.768061,-122.410616
"227 Oriente St, Daly City, CA 94014, USA","227, Oriente Street, Bayshore, Daly City, San Mateo County, California, 94014, United States",37.70430787482292,-122.4149991
"674 Hanover St, Daly City, CA 94014, USA","674, Hanover Street, Top of the Hill, Daly City, San Mateo County, California, 94014, United States",37.70664312420542,-122.4507927
"Market Square, 1355 Market St, San Francisco, CA 94103, USA","Market Square, 1355, Market Street, Civic Center, South of Market, San Francisco, California, 94103, United States",37.77671585,-122.4165832
"92 Henry St, San Francisco, CA 94114, USA","92, Henry Street, Duboce Triangle, Mission District, San Francisco, California, 94143, United States",37.7667574,-122.4330721
"141 Tiffany Ave, San Francisco, CA 94110, USA","141, Tiffany Avenue, San Francisco, California, 94110, United States",37.74472297979798,-122.4213811
"731 Geneva Ave, San Francisco, CA 94112, USA","731, Geneva Avenue, Outer Mission, San Francisco, California, 94112, United States",37.7186639,-122.4430661
"2 Everson St, San Francisco, CA 94131, USA","2, Everson Street, Glen Park, San Francisco, California, 94131, United States",37.738626,-122.429802
"60 Pierce St, San Francisco, CA 94117, USA","60, Pierce Street, Western Addition, San Francisco, California, 94143, United States",37.770087000000004,-122.4332033
"3232 Pacific Ave, San Francisco, CA 94118, USA","3232, Pacific Avenue, Presidio Heights, San Francisco, California, 94118, United States",37.788515,-122.464604
"934 Brannan St, San Francisco, CA 94103, USA","934, Brannan Street, West SoMa, South of Market, San Francisco, California, 94103, United States",37.77059336734694,-122.4064611
"687 Twin Peaks Blvd, San Francisco, CA 94131, USA","687, Twin Peaks Boulevard, Midtown Terrace, San Francisco, California, 94131, United States",37.75113988,-122.4487287
"839 Peru Ave, San Francisco, CA 94112, USA","839, Peru Avenue, San Francisco, California, 94134, United States",37.72462055,-122.4229356
"978 Rutland St, San Francisco, CA 94134, USA","978, Rutland Street, Visitacion Valley, San Francisco, California, 94134, United States",37.710217799999995,-122.4087028
"889 Schwerin St, Daly City, CA 94014, USA","889, Schwerin Street, Bayshore, Daly City, San Mateo County, California, 94014, United States",37.702955,-122.414635
"3345 Mission St, San Francisco, CA 94110, USA","3345, Mission Street, Bernal Heights, San Francisco, California, 94110, United States",37.743268263157894,-122.4212747
"197 Rickard St, San Francisco, CA 94134, USA","197, Rickard Street, San Francisco, California, 94134, United States",37.73400885673954,-122.4078758
"70 Valley St, San Francisco, CA 94110, USA","68;70, Valley Street, Noe Valley, San Francisco, California, 94114, United States",37.7448488,-122.4237423
"1138 Cayuga Ave, San Francisco, CA 94112, USA","1138, Cayuga Avenue, Excelsior, San Francisco, California, 94112, United States",37.720331,-122.440969
"59 Risel Ave, Daly City, CA 94014, USA","59, Risel Avenue, Daly City, San Mateo County, California, 94014, United States",37.70598592494455,-122.4500712
"724 Brazil Ave, San Francisco, CA 94112, USA","724, Brazil Avenue, Excelsior, San Francisco, California, 94112, United States",37.72168955,-122.4288905
"3228 Clay St, San Francisco, CA 94115, USA","3228;3230, Clay Street, Jordan Park, Richmond District, San Francisco, California, 94118, United States",37.78938355,-122.4463717
"150 Hayes St, San Francisco, CA 94102, USA","150, Hayes Street, Civic Center, San Francisco, California, 94102, United States",37.77767255,-122.4188793
"231 Acton St, Daly City, CA 94014, USA","231, Acton Street, Daly City, San Mateo County, California, 94014, United States",37.7060895,-122.4510955
"255 Gambier St, San Francisco, CA 94134, USA","255, Gambier Street, St. Mary's Park, San Francisco, California, 94134, United States",37.7262063,-122.4214066
"169 Boutwell St, San Francisco, CA 94124, USA","169, Boutwell Street, Silver Terrace, Bayview District, San Francisco, California, 94134, United States",37.7349569,-122.4053578
"158 Duncan St, San Francisco, CA 94110, USA","158, Duncan Street, Noe Valley, San Francisco, California, 94114, United States",37.74651525,-122.4236229
"941 Naples St, San Francisco, CA 94112, USA","941, Naples Street, Excelsior, San Francisco, California, 94112, United States",37.7149111,-122.4353735
"121 Harvard St, San Francisco, CA 94134, USA","121, Harvard Street, St. Mary's Park, San Francisco, California, 94134, United States",37.728057449999994,-122.4210861
"18 Day St, San Francisco, CA 94110, USA","18, Day Street, Noe Valley, San Francisco, California, 94110, United States",37.743177,-122.4233533
"1798 Visitacion Ave, San Francisco, CA 94134, USA","Visitacion Avenue, Visitacion Valley, San Francisco, California, 94134, United States",37.71691629,-122.4121161
"361 Frankfort St, Daly City, CA 94014, USA","361, Frankfort Street, Daly City, San Mateo County, California, 94014, United States",37.70461579955708,-122.4490912
"1700 Silver Ave, San Francisco, CA 94124, USA","1700, Silver Avenue, Silver Terrace, Bayview District, San Francisco, California, 94124, United States",37.733677,-122.403323
"38 Robblee Ave, San Francisco, CA 94124, USA","38, Robblee Avenue, Silver Terrace, Bayview District, San Francisco, California, 94124, United States",37.73584605,-122.3991347
"698 Twin Peaks Blvd, San Francisco, CA 94114, USA","698, Twin Peaks Boulevard, Midtown Terrace, San Francisco, California, 94131, United States",37.751047,-122.448771
"45 Bemis St, San Francisco, CA 94131, USA","45, Bemis Street, Glen Park, San Francisco, California, 94131, United States",37.73790171427128,-122.4292116
"141 Tiffany Ave, San Francisco, CA 94110, USA","141, Tiffany Avenue, San Francisco, California, 94110, United States",37.74472297979798,-122.4213811
"2301 Visitacion Ave, San Francisco, CA 94134, USA","2301, Visitacion Avenue, Visitacion Valley, San Francisco, California, 94134, United States",37.715637,-122.415622
"587 Vienna St, San Francisco, CA 94112, USA","587, Vienna Street, Excelsior, San Francisco, California, 94112, United States",37.7190741,-122.4312998
"661 Twin Peaks Blvd, San Francisco, CA 94114, USA","661, Twin Peaks Boulevard, Midtown Terrace, San Francisco, California, 94131, United States",37.751361558516116,-122.4486349
"724 Templeton Ave, Daly City, CA 94014, USA","724, Templeton Avenue, Daly City, San Mateo County, California, 94014, United States",37.70365349531569,-122.4506611
"3218 Mission St, San Francisco, CA 94110, USA","Blue Plate, 3218, Mission Street, Bernal Heights, San Francisco, California, 94110, United States",37.74516,-122.4203711
"1876 15th St, San Francisco, CA 94103, USA","1876, 15th Street, Duboce Triangle, Mission District, San Francisco, California, 94143, United States",37.766527100000005,-122.4259352
"194 Church St, San Francisco, CA 94114, USA","194, Church Street, Duboce Triangle, Mission District, San Francisco, California, 94114, United States",37.767904333333334,-122.4290892
"2030 Lyon St, San Francisco, CA 94115, USA","2030, Lyon Street, Anza Vista, Western Addition, San Francisco, California, 94115, United States",37.78957493877551,-122.4457189
"2003 Lyon St, San Francisco, CA 94115, USA","2001;2003;2005, Lyon Street, Anza Vista, Western Addition, San Francisco, California, 94115, United States",37.78935895,-122.4460728
"661 Twin Peaks Blvd, San Francisco, CA 94114, USA","661, Twin Peaks Boulevard, Midtown Terrace, San Francisco, California, 94131, United States",37.751361558516116,-122.4486349
"702 15th St, San Francisco, CA 94103, USA","702, 15th Street, Mission District, San Francisco, California, 94103, United States",37.767154265306125,-122.40786
"3230 Mission St, San Francisco, CA 94110, USA","Emmy's Spaghetti Shack, 3230, Mission Street, Bernal Heights, San Francisco, California, 90110, United States",37.7450478,-122.420477
"77 Cuvier St, San Francisco, CA 94112, USA","77, Cuvier Street, St. Mary's Park, San Francisco, California, 94112, United States",37.7338833,-122.4284093
"838 14th St, San Francisco, CA 94114, USA","838;840;842;844;846;848, 14th Street, Duboce Triangle, Mission District, San Francisco, California, 94143, United States",37.767688449999994,-122.4321448
"2898 Geneva Ave, Daly City, CA 94014, USA","2898, Geneva Avenue, Bayshore, Daly City, San Mateo County, California, 94014, United States",37.706592,-122.414261
"467 Chenery St, San Francisco, CA 94131, USA","467;469, Chenery Street, Glen Park, San Francisco, California, 94112, United States",37.73576405,-122.4297113
"248 Utah St, San Francisco, CA 94103, USA","248, Utah Street, Mission District, San Francisco, California, 94103, United States",37.76649675510204,-122.4067195
"1501 Geneva Ave, San Francisco, CA 94112, USA","1501, Geneva Avenue, Crocker-Amazon, San Francisco, California, 94112, United States",37.712613620176896,-122.4318107
"3098 17th St, San Francisco, CA 94110, USA","3098, 17th Street, Mission District, San Francisco, California, 94110, United States",37.763791,-122.415011
"183 Accacia St, Daly City, CA 94014, USA","183, Accacia Street, Bayshore, Daly City, San Mateo County, California, 94014, United States",37.7054324,-122.4154531
"59 Ledyard St, San Francisco, CA 94124, USA","59, Ledyard Street, Silver Terrace, Bayview District, San Francisco, California, 94124, United States",37.73307455,-122.4016428
"3075 Sacramento St, San Francisco, CA 94115, USA","3075, Sacramento Street, Pacific Heights, San Francisco, California, 94115, United States",37.78845485,-122.4434703
"2351 16th St, San Francisco, CA 94103, USA","2351, 16th Street, Mission District, San Francisco, California, 94103, United States",37.76555871414245,-122.4098983
"55 W View Ave, San Francisco, CA 94134, USA","55, West View Avenue, St. Mary's Park, San Francisco, California, 94134, United States",37.73116236734694,-122.4181681
"26 Rotteck St, San Francisco, CA 94112, USA","26, Rotteck Street, St. Mary's Park, San Francisco, California, 94112, United States",37.732585,-122.4311936
"142 Newton St, San Francisco, CA 94112, USA","142, Newton Street, Crocker-Amazon, San Francisco, California, 94112, United States",37.7126745,-122.4385618
"2374 16th St, San Francisco, CA 94103, USA","2374, 16th Street, Mission District, San Francisco, California, 94103, United States",37.76570985707123,-122.4101271
"84 Ledyard St, San Francisco, CA 94124, USA","84, Ledyard Street, Silver Terrace, Bayview District, San Francisco, California, 94124, United States",37.7326721,-122.4017374
"739 Sweeny St, San Francisco, CA 94134, USA","739, Sweeny Street, Silver Terrace, Bayview District, San Francisco, California, 94134, United States",37.73026789,-122.418362
"399 Treat Ave, San Francisco, CA 94110, USA","399, Treat Avenue, Mission District, San Francisco, California, 94110, United States",37.763927,-122.413455
"2929 Geneva Ave, Daly City, CA 94014, USA","2929, Geneva Avenue, Bayshore, Daly City, San Mateo County, California, 94014, United States",37.706621193185676,-122.4137378
"445 Athens St, San Francisco, CA 94112, USA","445, Athens Street, Excelsior, San Francisco, California, 94112, United States",37.720826450000004,-122.428801
"808 Twin Peaks Blvd, San Francisco, CA 94131, USA","808, Twin Peaks Boulevard, Midtown Terrace, San Francisco, California, 94131, United States",37.750202273895255,-122.4474412
"3035 Divisadero St, San Francisco, CA 94123, USA","3035, Divisadero Street, Pacific Heights, San Francisco, California, 94123, United States",37.797660699999994,-122.4426641
"53 Wilder St, San Francisco, CA 94131, USA","Wilder Street, Glen Park, San Francisco, California, 94112, United States",37.73402742,-122.4327946
"2 Maynard St, San Francisco, CA 94112, USA","2, Maynard Street, St. Mary's Park, San Francisco, California, 94112, United States",37.729133,-122.430605
"75 14th St, San Francisco, CA 94103, USA","75, 14th Street, Mission District, San Francisco, California, 90110, United States",37.7683517,-122.414947
"1190 Bryant St, San Francisco, CA 94103, USA","1190, Bryant Street, West SoMa, South of Market, San Francisco, California, 94103, United States",37.770618799999994,-122.4098139
"799 Moscow St, San Francisco, CA 94112, USA","799, Moscow Street, Crocker-Amazon, San Francisco, California, 94112, United States",37.715102,-122.432154
"1599 Bryant St, San Francisco, CA 94103, USA","1599, Bryant Street, Mission District, San Francisco, California, 94103, United States",37.767032,-122.410518
"43 Risel Ave, Daly City, CA 94014, USA","43, Risel Avenue, Daly City, San Mateo County, California, 94014, United States",37.70609086012952,-122.4497635
"551 Moscow St, San Francisco, CA 94112, USA","551, Moscow Street, Excelsior, San Francisco, California, 94112, United States",37.7188157,-122.4292519
"2110 Baker St, San Francisco, CA 94115, USA","2110, Baker Street, Anza Vista, Western Addition, San Francisco, California, 94115, United States",37.7908336,-122.4441879
"131 Bemis St, San Francisco, CA 94131, USA","131, Bemis Street, Glen Park, San Francisco, California, 94131, United States",37.737100673469385,-122.4304434
"40 Cambridge St, San Francisco, CA 94134, USA","40, Cambridge Street, St. Mary's Park, San Francisco, California, 94134, United States",37.73132642857143,-122.4204411
"1422 Market St, San Francisco, CA 94102, USA","Littlejohn's Candies, 1422, Market Street, Civic Center, San Francisco, California, 94102, United States",37.7761763,-122.4183419
"226 Edinburgh St, San Francisco, CA 94112, USA","226, Edinburgh Street, Excelsior, San Francisco, California, 94112, United States",37.725527299999996,-122.4289878
"69 Ney St, San Francisco, CA 94112, USA","69, Ney Street, St. Mary's Park, San Francisco, California, 94134, United States",37.730153,-122.4287386
"311 Arleta Ave, San Francisco, CA 94134, USA","311, Arleta Avenue, Visitacion Valley, San Francisco, California, 94134, United States",37.714383850000004,-122.409265
"230 Mateo St, San Francisco, CA 94131, USA","230, Mateo Street, Glen Park, San Francisco, California, 94112, United States",37.7359994,-122.4287619
"899 Persia Ave, San Francisco, CA 94112, USA","899, Persia Avenue, Excelsior, San Francisco, California, 94112, United States",37.719846,-122.428885
"98 Brosnan St, San Francisco, CA 94103, USA","98, Brosnan Street, Duboce Triangle, Mission District, San Francisco, California, 94103, United States",37.768792297297296,-122.4230226
"440 Chenery St, San Francisco, CA 94131, USA","440, Chenery Street, Glen Park, San Francisco, California, 94112, United States",37.7361616,-122.4296507
"1681 Folsom St, San Francisco, CA 94103, USA","1681;1683, Folsom Street, Mission District, San Francisco, California, 94103, United States",37.7698854,-122.415225
"478 Benton Ave, San Francisco, CA 94110, USA","478, Benton Avenue, St. Mary's Park, San Francisco, California, 94110, United States",37.73391346938776,-122.4184173
"1502 Guerrero St, San Francisco, CA 94110, USA","1502, Guerrero Street, San Francisco, California, 94110, United States",37.74652417647059,-122.4221561
"1130 Alemany Blvd, San Francisco, CA 94112, USA","1130, Alemany Boulevard, St. Mary's Park, San Francisco, California, 94112, United States",37.730776642857144,-122.4299857
"65 Rousseau St, San Francisco, CA 94112, USA","65, Rousseau Street, St. Mary's Park, San Francisco, California, 94112, United States",37.733603200000005,-122.4301434
"308 Richland Ave, San Francisco, CA 94110, USA","308, Richland Avenue, Bernal Heights, San Francisco, California, 94110, United States",37.73567426530612,-122.4197616
"844 Foerster St, San Francisco, CA 94127, USA","844, Foerster Street, Sunnyside, San Francisco, California, 94131, United States",37.73646535,-122.4479921
"226 Potrero Ave, San Francisco, CA 94103, USA","226, Potrero Avenue, Mission District, San Francisco, California, 94103, United States",37.76647951724138,-122.4077193
"527 Amazon Ave, San Francisco, CA 94112, USA","527, Amazon Avenue, Excelsior, San Francisco, California, 94112, United States",37.7156768,-122.4356324
"1835 Silliman St, San Francisco, CA 94134, USA","1835, Silliman Street, Silver Terrace, Bayview District, San Francisco, California, 94134, United States",37.7262387,-122.4237082
"398 Silver Ave, San Francisco, CA 94112, USA","398, Silver Avenue, St. Mary's Park, San Francisco, California, 94112, United States",37.728453,-122.428824
"765 Burnett Ave, San Francisco, CA 94131, USA","765, Burnett Avenue, Midtown Terrace, San Francisco, California, 94131, United States",37.7502018,-122.445276
"3150 Sacramento St, San Francisco, CA 94115, USA","Presidio Branch Library, 3150, Sacramento Street, Pacific Heights, San Francisco, California, 94115, United States",37.7888554,-122.4448528
"441 Laidley St, San Francisco, CA 94131, USA","441, Laidley Street, Glen Park, San Francisco, California, 94112, United States",37.73645114999999,-122.4299724
"645 Persia Ave, San Francisco, CA 94112, USA","645, Persia Avenue, Excelsior, San Francisco, California, 94112, United States",37.7206799,-122.4304458
"2652 Union St, San Francisco, CA 94123, USA","2648;2650;2652;2654, Union Street, Cow Hollow, San Francisco, California, 94123, United States",37.796412700000005,-122.4430295
"199 Alabama St, San Francisco, CA 94103, USA","199, Alabama Street, Mission District, San Francisco, California, 94103, United States",37.76690944,-122.412447
"400 McAllister St, San Francisco, CA 94102, USA","San Francisco Civic Center Courthouse, 400, McAllister Street, Civic Center, San Francisco, California, 94102, United States",37.78049715,-122.41926
"166 29th St, San Francisco, CA 94110, USA","166, 29th Street, San Francisco, California, 90110, United States",37.74407015,-122.4237539
"1665 Folsom St, San Francisco, CA 94103, USA","Cathead's BBQ, 1665, Folsom Street, Hayes Valley, Mission District, San Francisco, California, 94103, United States",37.7700737,-122.4151599
"2711 Scott St, San Francisco, CA 94123, USA","2711, Scott Street, Lower Pacific Heights, Western Addition, San Francisco, California, 94115, United States",37.79510125,-122.4404078
"2111 Revere Ave, San Francisco, CA 94124, USA","2111, Revere Avenue, Silver Terrace, Bayview District, San Francisco, California, 94124, United States",37.737062571428574,-122.3998559
"869 Schwerin St, Daly City, CA 94014, USA","869, Schwerin Street, Bayshore, Daly City, San Mateo County, California, 94014, United States",37.703167883578246,-122.4145405
"524 Avalon Ave, San Francisco, CA 94112, USA","524, Avalon Avenue, Excelsior, San Francisco, California, 94112, United States",37.725533999999996,-122.428158
"226 Bemis St, San Francisco, CA 94131, USA","226, Bemis Street, Glen Park, San Francisco, California, 94112, United States",37.7365298,-122.4317722
"152 Accacia St, Daly City, CA 94014, USA","152, Accacia Street, Bayshore, Daly City, San Mateo County, California, 94014, United States",37.705959149839515,-122.4154395
"445 Athens St, San Francisco, CA 94112, USA","445, Athens Street, Excelsior, San Francisco, California, 94112, United States",37.720826450000004,-122.428801
"313 Potrero Ave, San Francisco, CA 94103, USA","313, Potrero Avenue, Mission District, San Francisco, California, 94103, United States",37.76553755102041,-122.4074086
"594 Alemany Blvd, San Francisco, CA 94110, USA","594, Alemany Boulevard, St. Mary's Park, San Francisco, California, 94110, United States",37.73229166455893,-122.4187107
"1029 Visitacion Ave, San Francisco, CA 94134, USA","1029, Visitacion Avenue, Visitacion Valley, San Francisco, California, 94134, United States",37.71171305,-122.4094054
"120 London St, San Francisco, CA 94112, USA","120, London Street, Excelsior, San Francisco, California, 94112, United States",37.7271279,-122.4321992
"280 Utah St, San Francisco, CA 94103, USA","280, Utah Street, Mission District, San Francisco, California, 94103, United States",37.766152591836736,-122.4066866
"801 Geneva Ave, San Francisco, CA 94112, USA","801, Geneva Avenue, Outer Mission, San Francisco, California, 94112, United States",37.71761764814815,-122.4422713
"1224 Athens St, San Francisco, CA 94112, USA","1224, Athens Street, Crocker-Amazon, San Francisco, California, 94112, United States",37.71235375,-122.4364211
"2410 Union St, San Francisco, CA 94115, USA","2408;2410, Union Street, Cow Hollow, San Francisco, California, 94123, United States",37.79679125,-122.439118
"38 Lippard Ave, San Francisco, CA 94131, USA","38, Lippard Avenue, Glen Park, San Francisco, California, 94112, United States",37.7352858,-122.4356872
"118 Roanoke St, San Francisco, CA 94131, USA","118, Roanoke Street, Glen Park, San Francisco, California, 94112, United States",37.73575545,-122.4307326
"148 Polk St, San Francisco, CA 94102, USA","148, Polk Street, Civic Center, San Francisco, California, 94102, United States",37.777863,-122.418011
"1162 Geneva Ave, San Francisco, CA 94112, USA","1162, Geneva Avenue, Crocker-Amazon, San Francisco, California, 94112, United States",37.71456769,-122.4366565
"427 Bellevue Ave, Daly City, CA 94014, USA","427, Bellevue Avenue, Daly City, San Mateo County, California, 94014, United States",37.70553969694141,-122.449129
"3086 Washington St, San Francisco, CA 94115, USA","3086, Washington Street, Presidio Terrace, Richmond District, San Francisco, California, 94118, United States",37.79060535,-122.4440585
"1025 Geneva Ave, San Francisco, CA 94112, USA","1021;1025;1029, Geneva Avenue, Crocker-Amazon, San Francisco, California, 94112, United States",37.7157131,-122.4389158
"524 Vienna St, San Francisco, CA 94112, USA","524;526, Vienna Street, Excelsior, San Francisco, California, 94112, United States",37.72009370000001,-122.430928
"2200 Alemany Blvd, San Francisco, CA 94112, USA","Alemany Boulevard, Ocean View, San Francisco, California, 94112, United States",37.71044305,-122.4548794
"2789 Diamond St, San Francisco, CA 94131, USA","2789,2791,2785,2787, Diamond Street, Glen Park, San Francisco, California, 94131, United States",37.734901,-122.4335797
"39 W View Ave, San Francisco, CA 94134, USA","39, West View Avenue, St. Mary's Park, San Francisco, California, 94134, United States",37.731248550000004,-122.4182835
"375 Teddy Ave, San Francisco, CA 94134, USA","375, Teddy Avenue, Visitacion Valley, San Francisco, California, 94134, United States",37.715432899999996,-122.4102697
"71 Lyell St, San Francisco, CA 94112, USA","71, Lyell Street, St. Mary's Park, San Francisco, California, 94112, United States",37.7316253,-122.4314853
"166 Edinburgh St, San Francisco, CA 94112, USA","166, Edinburgh Street, Excelsior, San Francisco, California, 94112, United States",37.726509899999996,-122.4282939
"49 Albion St, San Francisco, CA 94103, USA","49;51, Albion Street, Mission District, San Francisco, California, 90110, United States",37.7656889,-122.4230481
"2595 Greenwich St, San Francisco, CA 94123, USA","2595, Greenwich Street, Cow Hollow, San Francisco, California, 94123, United States",37.79805706122449,-122.4422424
"1599 Howard St, San Francisco, CA 94103, USA","Gaslamp Cafe, 1599, Howard Street, West SoMa, Mission District, San Francisco, California, 94103, United States",37.7717782,-122.4167145
"2000 Baker St, San Francisco, CA 94115, USA","2000;2002, Baker Street, Anza Vista, Western Addition, San Francisco, California, 94115, United States",37.7896631,-122.444012
"1315 Geneva Ave, San Francisco, CA 94112, USA","1315, Geneva Avenue, Crocker-Amazon, San Francisco, California, 94112, United States",37.71357335,-122.4341048
"501 Twin Peaks Blvd, San Francisco, CA 94131, USA","501, Twin Peaks Boulevard, Midtown Terrace, San Francisco, California, 94131, United States",37.75241330352793,-122.4477463
"428 Delta St, San Francisco, CA 94134, USA","428, Delta Street, Visitacion Valley, San Francisco, California, 94134, United States",37.71426128571429,-122.409101
"1567 Dolores St, San Francisco, CA 94110, USA","1567, Dolores Street, San Francisco, California, 94110, United States",37.744339333333336,-122.4242633
"2446 Green St, San Francisco, CA 94123, USA","2446, Green Street, Cow Hollow, San Francisco, California, 94123, United States",37.7957371,-122.4394019
"831 Russia Ave, San Francisco, CA 94112, USA","831, Russia Avenue, Excelsior, San Francisco, California, 94112, United States",37.7184474,-122.4301847
"2960 Diamond St, San Francisco, CA 94131, USA","2960, Diamond Street, Glen Park, San Francisco, California, 94112, United States",37.7326804,-122.4346976
"419 Murray St, San Francisco, CA 94110, USA","419, Murray Street, Bernal Heights, San Francisco, California, 94134, United States",37.735402199999996,-122.4203987
"3346 Mission St, San Francisco, CA 94110, USA","La Alteña, 3342;3344;3346, Mission Street, Bernal Heights, San Francisco, California, 90110, United States",37.7433502,-122.4215154
"98 Plum St, San Francisco, CA 94103, USA","98, Plum Street, Hayes Valley, Mission District, San Francisco, California, 94103, United States",37.770807,-122.418194
"350 Leland Ave, San Francisco, CA 94134, USA","350, Leland Avenue, McLaren Park Community Garden, San Francisco, California, 94134, United States",37.71356245,-122.4105347
"431 Athens St, San Francisco, CA 94112, USA","431, Athens Street, Excelsior, San Francisco, California, 94112, United States",37.72104495000001,-122.4286445
"39 27th St, San Francisco, CA 94110, USA","39, 27th Street, Mission District, San Francisco, California, 94110, United States",37.747126040816326,-122.421781
"1948 Harrison St, San Francisco, CA 94103, USA","1948, Harrison Street, Mission District, San Francisco, California, 94103, United States",37.76609102040816,-122.4132705
"211 Oriente St, Daly City, CA 94014, USA","211, Oriente Street, Bayshore, Daly City, San Mateo County, California, 94014, United States",37.70455528410417,-122.4148894
"363 Silver Ave, San Francisco, CA 94112, USA","363, Silver Avenue, St. Mary's Park, San Francisco, California, 94134, United States",37.728723349999996,-122.4292924
"2398 Alameda St, San Francisco, CA 94103, USA","Alameda Street, Mission District, San Francisco, California, 90103, United States",37.76819171761691,-122.4106804
"150 Hampshire St, San Francisco, CA 94103, USA","150, Hampshire Street, Mission District, San Francisco, California, 94103, United States",37.76804704081633,-122.4088288
"799 Moscow St, San Francisco, CA 94112, USA","799, Moscow Street, Crocker-Amazon, San Francisco, California, 94112, United States",37.715102,-122.432154
"2499 Lyon St, San Francisco, CA 94115, USA","2499, Lyon Street, Presidio Heights, San Francisco, California, 94123, United States",37.793633,-122.446673
"455 Golden Gate Ave, San Francisco, CA 94102, USA","Hiram W. Johnson State Office Building, 455, Golden Gate Avenue, Civic Center, San Francisco, California, 94102, United States",37.7810445,-122.4179092
"1414 Market St, San Francisco, CA 94102, USA","1414, Market Street, Civic Center, San Francisco, California, 94102, United States",37.7762701,-122.4182163
"555 9th St, San Francisco, CA 94103, USA","Trader Joe's, 555, 9th Street, West SoMa, South of Market, San Francisco, California, 94103, United States",37.7709988,-122.4077368
"2460 Alameda St, San Francisco, CA 94103, USA","2460, Alameda Street, Mission District, San Francisco, California, 90103, United States",37.7685525,-122.4096402
"347 Arleta Ave, San Francisco, CA 94134, USA","347, Arleta Avenue, Visitacion Valley, San Francisco, California, 94134, United States",37.71460765,-122.4099859
"74 Arnold Ave, San Francisco, CA 94110, USA","74, Arnold Avenue, Bernal Heights, San Francisco, California, 94134, United States",37.7341017,-122.4198675
"398 2nd St, San Francisco, CA 94107, USA","398, 2nd Street, Transbay, South of Market, San Francisco, California, 94107, United States",37.784341,-122.395344
"501 Twin Peaks Blvd, San Francisco, CA 94131, USA","501, Twin Peaks Boulevard, Midtown Terrace, San Francisco, California, 94131, United States",37.75241330352793,-122.4477463
"98 Brompton Ave, San Francisco, CA 94131, USA","98, Brompton Avenue, Glen Park, San Francisco, California, 94131, United States",37.733888,-122.43505
"398 Silver Ave, San Francisco, CA 94112, USA","398, Silver Avenue, St. Mary's Park, San Francisco, California, 94112, United States",37.728453,-122.428824
"149 Leese St, San Francisco, CA 94110, USA","149, Leese Street, St. Mary's Park, San Francisco, California, 94134, United States",37.7353764,-122.4226161
"2912 Pacific Ave, San Francisco, CA 94115, USA","2912, Pacific Avenue, Pacific Heights, San Francisco, California, 94115, United States",37.79233906122449,-122.4433396
"93 Henry St, San Francisco, CA 94114, USA","91;93;95, Henry Street, Duboce Triangle, Mission District, San Francisco, California, 94143, United States",37.766524649999994,-122.4328648
"105 Cambridge St, San Francisco, CA 94134, USA","105, Cambridge Street, St. Mary's Park, San Francisco, California, 94134, United States",37.73099375,-122.4191542
"164 Boutwell St, San Francisco, CA 94124, USA","164, Boutwell Street, Silver Terrace, Bayview District, San Francisco, California, 94134, United States",37.735008050000005,-122.405767
"470 Laidley St, San Francisco, CA 94131, USA","470, Laidley Street, Glen Park, San Francisco, California, 94112, United States",37.73649555,-122.4305641
"450 10th St, San Francisco, CA 94103, USA","Costco, 450, 10th Street, West SoMa, South of Market, San Francisco, California, 94103, United States",37.77028315,-122.4108614
"2990 Geneva Ave, Daly City, CA 94014, USA","2990, Geneva Avenue, Bayshore, Daly City, San Mateo County, California, 94014, United States",37.70636618309591,-122.4134493
"118 Mateo St, San Francisco, CA 94131, USA","118, Mateo Street, Glen Park, San Francisco, California, 94112, United States",37.7365812,-122.4294661
"2300 16th St, San Francisco, CA 94103, USA","Jamba, 2300, 16th Street, Mission District, San Francisco, California, 94103, United States",37.7665115,-122.4087
"504 Athens St, San Francisco, CA 94112, USA","504, Athens Street, Crocker-Amazon, San Francisco, California, 94112, United States",37.7200399,-122.4299533
"141 Hampshire St, San Francisco, CA 94103, USA","141, Hampshire Street, Mission District, San Francisco, California, 94103, United States",37.768069173469385,-122.4088305
"65 Curtis St, San Francisco, CA 94112, USA","65, Curtis Street, Crocker-Amazon, San Francisco, California, 94112, United States",37.7137398,-122.4395554
"1839 15th St, San Francisco, CA 94103, USA","1839, 15th Street, Duboce Triangle, Mission District, San Francisco, California, 94103, United States",37.7662835,-122.4249141
"90 Charter Oak Ave, San Francisco, CA 94124, USA","90, Charter Oak Avenue, Silver Terrace, Bayview District, San Francisco, California, 94124, United States",37.73664775759772,-122.404851
"1124 Alemany Blvd, San Francisco, CA 94112, USA","1124, Alemany Boulevard, St. Mary's Park, San Francisco, California, 94112, United States",37.73079678571428,-122.4299181
"33 Agnon Ave, San Francisco, CA 94112, USA","33, Agnon Avenue, St. Mary's Park, San Francisco, California, 94134, United States",37.7346364,-122.4221572
"46 Conkling St, San Francisco, CA 94124, USA","46;48, Conkling Street, Silver Terrace, Bayview District, San Francisco, California, 94124, United States",37.7355712,-122.4020844
"391 Arleta Ave, San Francisco, CA 94134, USA","391, Arleta Avenue, Visitacion Valley, San Francisco, California, 94134, United States",37.714872650000004,-122.4108762
"178 Elmira St, San Francisco, CA 94124, USA","178, Elmira Street, Silver Terrace, Bayview District, San Francisco, California, 94124, United States",37.73483735000001,-122.4038589
"222 Dore St, San Francisco, CA 94103, USA","222, Dore Street, West SoMa, South of Market, San Francisco, California, 94103, United States",37.771587049999994,-122.4104208
"857 Silver Ave, San Francisco, CA 94134, USA","857, Silver Avenue, Silver Terrace, Bayview District, San Francisco, California, 94134, United States",37.729174693790746,-122.4188726
"3124 Washington St, San Francisco, CA 94115, USA","3124;3126;3128;3130;3132;3134, Washington Street, Presidio Terrace, Richmond District, San Francisco, California, 94118, United States",37.7904327,-122.4449066
"2628 Filbert St, San Francisco, CA 94123, USA","2628, Filbert Street, Cow Hollow, San Francisco, California, 94123, United States",37.797322199999996,-122.4428997
"178 Church St, San Francisco, CA 94114, USA","178;180, Church Street, Duboce Triangle, Mission District, San Francisco, California, 94143, United States",37.7681155,-122.4293125
"1275 Market St, San Francisco, CA 94103, USA","Dolby Laboratories, 1275, Market Street, Civic Center, South of Market, San Francisco, California, 94103, United States",37.777559499999995,-122.4156499
"428 11th St, San Francisco, CA 94103, USA","SoMa StrEat Food Park, 428, 11th Street, Mission District, San Francisco, California, 94103, United States",37.7698465,-122.4119465
"15 Henry St, San Francisco, CA 94114, USA","15;15A;17, Henry Street, Duboce Triangle, Mission District, San Francisco, California, 94143, United States",37.7665521,-122.4316667
"35 Morse St, San Francisco, CA 94112, USA","35, Morse Street, Crocker-Amazon, San Francisco, California, 94112, United States",37.71334025,-122.4375558
"2188 15th St, San Francisco, CA 94114, USA","2192;2190;2188, 15th Street, Duboce Triangle, Mission District, San Francisco, California, 94143, United States",37.76604385,-122.4330003
"242 Edinburgh St, San Francisco, CA 94112, USA","242, Edinburgh Street, Excelsior, San Francisco, California, 94112, United States",37.725289599999996,-122.4291745
"199 Cambridge St, San Francisco, CA 94134, USA","199, Cambridge Street, St. Mary's Park, San Francisco, California, 94134, United States",37.729164,-122.419372
"312 Elliot St, San Francisco, CA 94134, USA","312, Elliot Street, Visitacion Valley, San Francisco, California, 94134, United States",37.71419795,-122.411601
"2492 Visitacion Ave, San Francisco, CA 94134, USA","2492, Visitacion Avenue, Visitacion Valley, San Francisco, California, 94134, United States",37.718204044282345,-122.4113695
"436 Bellevue Ave, Daly City, CA 94014, USA","436, Bellevue Avenue, Daly City, San Mateo County, California, 94014, United States",37.70561029924409,-122.4494544
"80, San Francisco, CA 94105, USA",Not Found,37.781184,-122.397985
"475 Bosworth St, San Francisco, CA 94112, USA","475, Bosworth Street, St. Mary's Park, San Francisco, California, 94112, United States",37.732915500000004,-122.431604
"147 29th St, San Francisco, CA 94110, USA","147, 29th Street, San Francisco, California, 90110, United States",37.743683399999995,-122.4233769
"2998 Jackson St, San Francisco, CA 94115, USA","2998, Jackson Street, Pacific Heights, San Francisco, California, 94115, United States",37.791309,-122.444341
"1018 Sunnydale Ave, San Francisco, CA 94134, USA","1018, Sunnydale Avenue, Visitacion Valley, San Francisco, California, 94134, United States",37.71075687755102,-122.4115784
"171 Seneca Ave, San Francisco, CA 94112, USA","171, Seneca Avenue, Excelsior, San Francisco, California, 94112, United States",37.7192686,-122.4424196
"162 Still St, San Francisco, CA 94112, USA","162, Still Street, St. Mary's Park, San Francisco, California, 94112, United States",37.731857,-122.43128
"1528 Felton St, San Francisco, CA 94134, USA","1528, Felton Street, Portola, San Francisco, California, 94134, United States",37.7261971,-122.4200112
"224 Richland Ave, San Francisco, CA 94110, USA","224, Richland Avenue, Bernal Heights, San Francisco, California, 94110, United States",37.73580493877551,-122.4223472
"240 Peabody St, San Francisco, CA 94134, USA","240, Peabody Street, Visitacion Valley, San Francisco, California, 94134, United States",37.7089665,-122.408286
"198 Accacia St, Daly City, CA 94014, USA","198, Accacia Street, Bayshore, Daly City, San Mateo County, California, 94014, United States",37.705236,-122.415761
"1350 Geneva Ave, San Francisco, CA 94112, USA","1350, Geneva Avenue, Crocker-Amazon, San Francisco, California, 94112, United States",37.71288935,-122.4338734
"97 Sanchez St, San Francisco, CA 94114, USA","97, Sanchez Street, Western Addition, San Francisco, California, 94143, United States",37.7677292,-122.4310699
"1215 Alemany Blvd, San Francisco, CA 94112, USA","1215, Alemany Boulevard, St. Mary's Park, San Francisco, California, 94112, United States",37.730334299999996,-122.4312926
"57 Potomac St, San Francisco, CA 94117, USA","53;55;57, Potomac Street, Western Addition, San Francisco, California, 94143, United States",37.7699913,-122.4328073
"115 Presidio Ave, San Francisco, CA 94115, USA","115, Presidio Avenue, Laurel Heights, San Francisco, California, 94115, United States",37.790492799999996,-122.4477408
"57 Bemis St, San Francisco, CA 94131, USA","57, Bemis Street, Glen Park, San Francisco, California, 94131, United States",37.737682,-122.42955
"142 Presidio Ave, San Francisco, CA 94115, USA","140;142, Presidio Avenue, Laurel Heights, San Francisco, California, 94115, United States",37.790260849999996,-122.4471442
"939 Sunnydale Ave, San Francisco, CA 94134, USA","939, Sunnydale Avenue, Visitacion Valley, San Francisco, California, 94134, United States",37.71037355,-122.4111812
"1184 Munich St, San Francisco, CA 94112, USA","1184, Munich Street, Crocker-Amazon, San Francisco, California, 94112, United States",37.7111165,-122.4378125
"25 Whittier St, San Francisco, CA 94112, USA","25, Whittier Street, San Francisco, San Mateo County, California, 94112, United States",37.7100488,-122.447751
"657 Harrison St, San Francisco, CA 94107, USA","657, Harrison Street, Rincon Hill, South of Market, San Francisco, California, 94105, United States",37.78309315,-122.3963167
"3062 California St, San Francisco, CA 94115, USA","3062, California Street, Lower Pacific Heights, San Francisco, California, 94115, United States",37.78760144897959,-122.444772
"420 Leland Ave, San Francisco, CA 94134, USA","420, Leland Avenue, McLaren Park Community Garden, San Francisco, California, 94134, United States",37.71400795,-122.412079
"2273 16th St, San Francisco, CA 94103, USA","2273, 16th Street, Mission District, San Francisco, California, 94103, United States",37.76560049962393,-122.4092065
"814 Rolph St, San Francisco, CA 94112, USA","814, Rolph Street, Crocker-Amazon, San Francisco, California, 94112, United States",37.71137215,-122.4296992
"850 Schwerin St, Daly City, CA 94014, USA","850, Schwerin Street, Bayshore, Daly City, San Mateo County, California, 94014, United States",37.703670567062645,-122.4145377
"780 Delta St, San Francisco, CA 94134, USA","780, Delta Street, Visitacion Valley, San Francisco, California, 94134, United States",37.7107213,-122.4105208
"3125 Scott St, San Francisco, CA 94123, USA","3125, Scott Street, Lower Pacific Heights, Western Addition, San Francisco, California, 94115, United States",37.798700499999995,-122.4411344
"769 San Jose Avenue, San Francisco, CA 94110, USA","769, San Jose Avenue, San Francisco, California, 94110, United States",37.74278729509068,-122.4232753
"172 Oxford St, San Francisco, CA 94134, USA","172, Oxford Street, St. Mary's Park, San Francisco, California, 94134, United States",37.72771404081633,-122.4201345
"337 Avalon Ave, San Francisco, CA 94112, USA","337, Avalon Avenue, Excelsior, San Francisco, California, 94112, United States",37.72650539999999,-122.4294134
"1580 Folsom St, San Francisco, CA 94103, USA","1580, Folsom Street, Hayes Valley, Mission District, San Francisco, California, 94103, United States",37.77116025,-122.4148814
"25 Adair St, San Francisco, CA 94103, USA","25;27;29, Adair Street, Mission District, San Francisco, California, 90110, United States",37.76560795,-122.4180678
"426A Bosworth St, San Francisco, CA 94112, USA","Bosworth Street, Glen Park, San Francisco, California, 94112, United States",37.73368959024121,-122.4345652
"4346 Mission St, San Francisco, CA 94112, USA","4346, Mission Street, Excelsior, San Francisco, California, 94112, United States",37.728127846153846,-122.4320638
"275 Curtis St, San Francisco, CA 94112, USA","275, Curtis Street, Crocker-Amazon, San Francisco, California, 94112, United States",37.7107831,-122.4382654
"124 Accacia St, Daly City, CA 94014, USA","124, Accacia Street, Bayshore, Daly City, San Mateo County, California, 94014, United States",37.70639954605758,-122.4152444
"138 Erie St, San Francisco, CA 94103, USA","138, Erie Street, Mission District, San Francisco, California, 94103, United States",37.76917126631053,-122.4193974
"137 14th St, San Francisco, CA 94103, USA","137, 14th Street, Mission District, San Francisco, California, 94103, United States",37.7685656,-122.4165013
"Market Square, 1355 Market St, San Francisco, CA 94103, USA","Market Square, 1355, Market Street, Civic Center, South of Market, San Francisco, California, 94103, United States",37.77671585,-122.4165832
"255 Madrid St, San Francisco, CA 94112, USA","255, Madrid Street, Excelsior, San Francisco, California, 94112, United States",37.7253187,-122.4297488
"161 27th St, San Francisco, CA 94110, USA","161, 27th Street, San Francisco, California, 90110, United States",37.7469078,-122.4237452
"3206 Mission St, San Francisco, CA 94110, USA","Los Panchos, 3206, Mission Street, Bernal Heights, San Francisco, California, 94110, United States",37.7453276,-122.4202511
"1162 San Jose Avenue, San Francisco, CA 94131, USA","1162, San Jose Avenue, St. Mary's Park, San Francisco, California, 94131, United States",37.734225407680405,-122.4303779
"43 Pearl St, San Francisco, CA 94103, USA","39;41;43, Pearl Street, Hayes Valley, Mission District, San Francisco, California, 94143, United States",37.7707494,-122.4237337
"487 Moscow St, San Francisco, CA 94112, USA","487, Moscow Street, Excelsior, San Francisco, California, 94134, United States",37.719826749999996,-122.4284497
"3045 Pacific Ave, San Francisco, CA 94115, USA","3045, Pacific Avenue, Pacific Heights, San Francisco, California, 94115, United States",37.791754600000004,-122.4453095
"207 Seneca Ave, San Francisco, CA 94112, USA","207, Seneca Avenue, Excelsior, San Francisco, California, 94112, United States",37.71983605,-122.4428341
"79 Everson St, San Francisco, CA 94131, USA","79, Everson Street, Glen Park, San Francisco, California, 94131, United States",37.73832988888889,-122.4309768
"998 Twin Peaks Blvd, San Francisco, CA 94131, USA","998, Twin Peaks Boulevard, Midtown Terrace, San Francisco, California, 94131, United States",37.74670254347774,-122.4492149
"750 Persia Ave, San Francisco, CA 94112, USA","750, Persia Avenue, Excelsior, San Francisco, California, 94112, United States",37.720161149999996,-122.4301841
"299 Utah St, San Francisco, CA 94103, USA","299, Utah Street, Mission District, San Francisco, California, 94103, United States",37.765971,-122.406461
"360 Frankfort St, Daly City, CA 94014, USA","360, Frankfort Street, Daly City, San Mateo County, California, 94014, United States",37.70487553930017,-122.4488571
"3333 Sacramento St, San Francisco, CA 94118, USA","3319;3321;3323;3325;3329;3331;3333, Sacramento Street, Presidio Heights, San Francisco, California, 94118, United States",37.78791835,-122.4474409
"170 Bemis St, San Francisco, CA 94131, USA","170, Bemis Street, Glen Park, San Francisco, California, 94131, United States",37.7369959,-122.4309321
"1375 Dolores St, San Francisco, CA 94110, USA","1375, Dolores Street, Noe Valley, Mission District, San Francisco, California, 94110, United States",37.74743197916667,-122.4249176
"3133 Jackson St, San Francisco, CA 94115, USA","3131;3133, Jackson Street, Pacific Heights, San Francisco, California, 94115, United States",37.7906972,-122.4466935
"3314 Sacramento St, San Francisco, CA 94118, USA","3314, Sacramento Street, Presidio Heights, San Francisco, California, 94118, United States",37.788223571428574,-122.4473403
"498 10th St, San Francisco, CA 94103, USA","498, 10th Street, West SoMa, South of Market, San Francisco, California, 94103, United States",37.770379,-122.409919
"998 Twin Peaks Blvd, San Francisco, CA 94131, USA","998, Twin Peaks Boulevard, Midtown Terrace, San Francisco, California, 94131, United States",37.74670254347774,-122.4492149
"100 Van Ness Avenue, 100 Van Ness Ave, San Francisco, CA 94102, USA",Not Found,37.776718,-122.419182
"114 Henry St, San Francisco, CA 94114, USA","118;116;114, Henry Street, Duboce Triangle, Mission District, San Francisco, California, 94143, United States",37.76680235,-122.4338873
"1310 Harrison St, San Francisco, CA 94103, USA","1310, Harrison Street, West SoMa, South of Market, San Francisco, California, 94103, United States",37.77199248979591,-122.4109007
"900 Madrid St, San Francisco, CA 94112, USA","900, Madrid Street, Excelsior, San Francisco, California, 94112, United States",37.71599535,-122.4373725
"889 Schwerin St, Daly City, CA 94014, USA","889, Schwerin Street, Bayshore, Daly City, San Mateo County, California, 94014, United States",37.702955,-122.414635
"2741 16th St, San Francisco, CA 94103, USA","2741, 16th Street, Mission District, San Francisco, California, 90110, United States",37.765124,-122.4139234
"1798 Visitacion Ave, San Francisco, CA 94134, USA","Visitacion Avenue, Visitacion Valley, San Francisco, California, 94134, United States",37.71691629,-122.4121161
"2061 Lyon St, San Francisco, CA 94115, USA","2061, Lyon Street, Anza Vista, Western Addition, San Francisco, California, 94115, United States",37.78974087755102,-122.4459628
"2200 Market St, San Francisco, CA 94114, USA","2200, Market Street, Duboce Triangle, Mission District, San Francisco, California, 94114, United States",37.765877,-122.431213
"1413 Dolores St, San Francisco, CA 94110, USA","1413, Dolores Street, San Francisco, California, 94110, United States",37.746784250000005,-122.4244965
"92 Maynard St, San Francisco, CA 94112, USA","92, Maynard Street, St. Mary's Park, San Francisco, California, 94112, United States",37.72910845,-122.428506
"2425 Alameda St, San Francisco, CA 94103, USA","2425, Alameda Street, Mission District, San Francisco, California, 94103, United States",37.76819720408163,-122.4090502
"174 Oriente St, Daly City, CA 94014, USA","174, Oriente Street, Bayshore, Daly City, San Mateo County, California, 94014, United States",37.70537535055441,-122.4147449
"281 Oriente St, Daly City, CA 94014, USA","281, Oriente Street, Bayshore, Daly City, San Mateo County, California, 94014, United States",37.70347308102562,-122.41537
"650 Gennessee St, San Francisco, CA 94127, USA","650, Gennessee Street, Westwood Park, San Francisco, California, 94112, United States",37.7334739,-122.4509631
"401 Alemany Blvd, San Francisco, CA 94112, USA","401, Alemany Boulevard, St. Mary's Park, San Francisco, California, 94110, United States",37.733270906620305,-122.4140335
"2350 Union St, San Francisco, CA 94123, USA","2350, Union Street, Cow Hollow, San Francisco, California, 94123, United States",37.79685426530612,-122.4379886
"398 Hampshire St, San Francisco, CA 94110, USA","398, Hampshire Street, Mission District, San Francisco, California, 94110, United States",37.764846453488374,-122.4085665
"148 Oriente St, Daly City, CA 94014, USA","148, Oriente Street, Bayshore, Daly City, San Mateo County, California, 94014, United States",37.70578457466609,-122.4145637
"1645 13th St, San Francisco, CA 94103, USA","13th Street, Mission District, San Francisco, California, 94103, United States",37.769485966721845,-122.4112691
"150 Van Ness Ave, San Francisco, CA 94102, USA","CorePower Yoga, 150, Van Ness Avenue, Hayes Valley, San Francisco, California, 94102, United States",37.777004,-122.419391
"184 Bemis St, San Francisco, CA 94131, USA","184, Bemis Street, Glen Park, San Francisco, California, 94131, United States",37.73687795,-122.4311135
"235 2nd St, San Francisco, CA 94105, USA","CBS Interactive, 235, 2nd Street, Transbay, South of Market, San Francisco, California, 94105, United States",37.786506700000004,-122.3970659
"208 Utah St, San Francisco, CA 94103, USA","Strava, 208, Utah Street, Mission District, San Francisco, California, 94103, United States",37.7669618,-122.4068138
"12 Waterville St, San Francisco, CA 94124, USA","12, Waterville Street, Silver Terrace, Bayview District, San Francisco, California, 94124, United States",37.73612695,-122.403096
"2635 Green St, San Francisco, CA 94123, USA","2635, Green Street, Cow Hollow, San Francisco, California, 94123, United States",37.79501365,-122.4425375
"124 Peru Ave, San Francisco, CA 94112, USA","124, Peru Avenue, St. Mary's Park, San Francisco, California, 94134, United States",37.72788705,-122.4285697
"244 Murray St, San Francisco, CA 94112, USA","244, Murray Street, St. Mary's Park, San Francisco, California, 94134, United States",37.73352365,-122.4227955
"25 Admiral Ave, San Francisco, CA 94112, USA","25, Admiral Avenue, St. Mary's Park, San Francisco, California, 94112, United States",37.729998800000004,-122.4307154
"4098 Mission St, San Francisco, CA 94112, USA","4098, Mission Street, St. Mary's Park, San Francisco, California, 94112, United States",37.732164,-122.428023
"218 Rolph St, San Francisco, CA 94112, USA","218, Rolph Street, Crocker-Amazon, San Francisco, California, 94112, United States",37.71401165,-122.4380904
"256 Gambier St, San Francisco, CA 94134, USA","256, Gambier Street, St. Mary's Park, San Francisco, California, 94134, United States",37.726093399999996,-122.4218266
"508 Athens St, San Francisco, CA 94112, USA","508, Athens Street, Crocker-Amazon, San Francisco, California, 94112, United States",37.7199154,-122.430042
"124 Mateo St, San Francisco, CA 94131, USA","124, Mateo Street, Glen Park, San Francisco, California, 94112, United States",37.736530099999996,-122.4294086
"499 McAllister St, San Francisco, CA 94102, USA","499, McAllister Street, Civic Center, San Francisco, California, 94102, United States",37.780014,-122.419992
"199 Bemis St, San Francisco, CA 94131, USA","199, Bemis Street, Glen Park, San Francisco, California, 94131, United States",37.736633,-122.431163
"21 Bernice St, San Francisco, CA 94103, USA","21, Bernice Street, Mission District, San Francisco, California, 94103, United States",37.77009896296452,-122.4137702
"1510 Guerrero St, San Francisco, CA 94110, USA","1510, Guerrero Street, San Francisco, California, 94110, United States",37.74665359,-122.4221648
"775 Sweeny St, San Francisco, CA 94134, USA","775, Sweeny Street, Silver Terrace, Bayview District, San Francisco, California, 94134, United States",37.730308757046046,-122.4188816
"1098 Bosworth St, San Francisco, CA 94131, USA","1098, Bosworth Street, Glen Park, San Francisco, California, 94131, United States",37.73423084693877,-122.4382761
"551 Athens St, San Francisco, CA 94112, USA","551, Athens Street, Crocker-Amazon, San Francisco, California, 94112, United States",37.7192007,-122.4300437
"1599 Bryant St, San Francisco, CA 94103, USA","1599, Bryant Street, Mission District, San Francisco, California, 94103, United States",37.767032,-122.410518
"158 Tiffany Ave, San Francisco, CA 94110, USA","158;160, Tiffany Avenue, San Francisco, California, 90110, United States",37.744720349999994,-122.4217941
"2300 16th St, San Francisco, CA 94103, USA","Jamba, 2300, 16th Street, Mission District, San Francisco, California, 94103, United States",37.7665115,-122.4087
"39 Athens St, San Francisco, CA 94112, USA","39, Athens Street, St. Mary's Park, San Francisco, California, 94134, United States",37.7272733,-122.4239472
"49 Fulton St, San Francisco, CA 94118, USA","49, Fulton Street, Civic Center, South of Market, San Francisco, California, 94102, United States",37.779811183673466,-122.4142774
"303 2nd St, San Francisco, CA 94107, USA","Social 303, 303, 2nd Street, Transbay, South of Market, San Francisco, California, 94107, United States",37.7847893,-122.395484
"1245 Market St, San Francisco, CA 94102, USA","1245, Market Street, Civic Center, South of Market, San Francisco, California, 94102, United States",37.77834903061225,-122.4154279
"61 Seneca Ave, San Francisco, CA 94112, USA","61, Seneca Avenue, Excelsior, San Francisco, California, 94112, United States",37.718111300000004,-122.4409875
"3160 Jackson St, San Francisco, CA 94115, USA","3160, Jackson Street, Pacific Heights, San Francisco, California, 94115, United States",37.7911388,-122.4471036
"21 Bemis St, San Francisco, CA 94131, USA","21, Bemis Street, Glen Park, San Francisco, California, 94131, United States",37.73798655,-122.4290509
"124 Oriente St, Daly City, CA 94014, USA","124, Oriente Street, Bayshore, Daly City, San Mateo County, California, 94014, United States",37.706162319999954,-122.4143964
"60 28th St, San Francisco, CA 94110, USA","60, 28th Street, Noe Valley, San Francisco, California, 94114, United States",37.745720750000004,-122.4234758
"258 Silver Ave, San Francisco, CA 94112, USA","258, Silver Avenue, Sunnyside, San Francisco, California, 94112, United States",37.7290657,-122.4323184
"666 Alemany Blvd, San Francisco, CA 94112, USA","666, Alemany Boulevard, St. Mary's Park, San Francisco, California, 94110, United States",37.73230533475531,-122.4201331
"363 Raymond Ave, San Francisco, CA 94134, USA","363, Raymond Avenue, Visitacion Valley, San Francisco, California, 94134, United States",37.71404335,-122.410682
"63 Tehama St, San Francisco, CA 94105, USA","63, Tehama Street, Transbay, South of Market, San Francisco, California, 94105, United States",37.787109814472636,-122.3965788
"2003 Lyon St, San Francisco, CA 94115, USA","2001;2003;2005, Lyon Street, Anza Vista, Western Addition, San Francisco, California, 94115, United States",37.78935895,-122.4460728
"1 Bernice St, San Francisco, CA 94103, USA","1;5;9, Bernice Street, Mission District, San Francisco, California, 94103, United States",37.77009565,-122.4136964
"351 Melrose Ave, San Francisco, CA 94127, USA","351, Melrose Avenue, Westwood Park, San Francisco, California, 94112, United States",37.7336484,-122.4500889
"525 Folsom St, San Francisco, CA 94105, USA","525, Folsom Street, Transbay, South of Market, San Francisco, California, 94105, United States",37.78697060820983,-122.394749
"808 Twin Peaks Blvd, San Francisco, CA 94131, USA","808, Twin Peaks Boulevard, Midtown Terrace, San Francisco, California, 94131, United States",37.750202273895255,-122.4474412
"443 Bellevue Ave, Daly City, CA 94014, USA","443, Bellevue Avenue, Daly City, San Mateo County, California, 94014, United States",37.70542941227811,-122.4494503
"777 Twin Peaks Blvd, San Francisco, CA 94131, USA","777, Twin Peaks Boulevard, Midtown Terrace, San Francisco, California, 94131, United States",37.750753212426545,-122.448225
"149 London St, San Francisco, CA 94112, USA","149, London Street, Excelsior, San Francisco, California, 94112, United States",37.7266019,-122.4321132
"500 Raymond Ave, San Francisco, CA 94134, USA","500, Raymond Avenue, Visitacion Valley, San Francisco, California, 94134, United States",37.715105,-122.413715
"3800 10th St, San Francisco, CA 94103, USA","10th Street, West SoMa, South of Market, San Francisco, California, 94103, United States",37.77081844,-122.4103241
"23 Waterville St, San Francisco, CA 94124, USA","23, Waterville Street, Silver Terrace, Bayview District, San Francisco, California, 94124, United States",37.735815,-122.4026314
"198 Florida St, San Francisco, CA 94103, USA","198, Florida Street, Mission District, San Francisco, California, 94110, United States",37.768231,-122.411818
"37 Addison St, San Francisco, CA 94131, USA","37, Addison Street, Glen Park, San Francisco, California, 94131, United States",37.73776541,-122.4303603
"2351 16th St, San Francisco, CA 94103, USA","2351, 16th Street, Mission District, San Francisco, California, 94103, United States",37.76555871414245,-122.4098983
"524 Vienna St, San Francisco, CA 94112, USA","524;526, Vienna Street, Excelsior, San Francisco, California, 94112, United States",37.72009370000001,-122.430928
"54 Addison St, San Francisco, CA 94131, USA","54, Addison Street, Glen Park, San Francisco, California, 94131, United States",37.73790918,-122.4306017
"132 Lippard Ave, San Francisco, CA 94131, USA","132, Lippard Avenue, Glen Park, San Francisco, California, 94112, United States",37.73336945,-122.4362641
"373 Frankfort St, Daly City, CA 94014, USA","373, Frankfort Street, Daly City, San Mateo County, California, 94014, United States",37.70447597105699,-122.449501
"2300 16th St, San Francisco, CA 94103, USA","Jamba, 2300, 16th Street, Mission District, San Francisco, California, 94103, United States",37.7665115,-122.4087
"2456 Filbert St, San Francisco, CA 94123, USA","2456, Filbert Street, Cow Hollow, San Francisco, California, 94123, United States",37.7977561,-122.4399683
"290 Utah St, San Francisco, CA 94103, USA","290, Utah Street, Mission District, San Francisco, California, 94103, United States",37.76604504081633,-122.4066762
"155 Hawthorne St, San Francisco, CA 94107, USA","155, Hawthorne Street, Transbay, South of Market, San Francisco, California, 94107, United States",37.78425597959184,-122.3974388
"2300 San Bruno Ave, San Francisco, CA 94134, USA","2300, San Bruno Avenue, Silver Terrace, Bayview District, San Francisco, California, 94134, United States",37.733872,-122.406545
"123 Cuvier St, San Francisco, CA 94112, USA","123, Cuvier Street, St. Mary's Park, San Francisco, California, 94112, United States",37.73266855,-122.4282679
"49 Madison St, San Francisco, CA 94134, USA","49, Madison Street, St. Mary's Park, San Francisco, California, 94134, United States",37.728162600000005,-122.4233179
"376 Hanover St, San Francisco, CA 94112, USA","376, Hanover Street, Crocker-Amazon, San Francisco, California, 94112, United States",37.7089074,-122.4443885
"131 S Van Ness Ave, San Francisco, CA 94103, USA","131, South Van Ness Avenue, Hayes Valley, Mission District, San Francisco, California, 94103, United States",37.771433200000004,-122.417771
"412 Bosworth St, San Francisco, CA 94112, USA","412, Bosworth Street, St. Mary's Park, San Francisco, California, 94112, United States",37.7334583,-122.4307225
"45 Cordova St, San Francisco, CA 94112, USA","45, Cordova Street, Crocker-Amazon, San Francisco, California, 94112, United States",37.7126511,-122.4357742
"399 Excelsior Ave, San Francisco, CA 94112, USA","399, Excelsior Avenue, Excelsior, San Francisco, California, 94112, United States",37.724859,-122.430533
"66 Rey St, San Francisco, CA 94134, USA","66, Rey Street, Visitacion Valley, San Francisco, California, 94134, United States",37.712895333333336,-122.41149
"379 Melrose Ave, San Francisco, CA 94127, USA","379, Melrose Avenue, Westwood Park, San Francisco, California, 94112, United States",37.73364385,-122.4506938
"17 Rey St, San Francisco, CA 94134, USA","17, Rey Street, Visitacion Valley, San Francisco, California, 94134, United States",37.713234799999995,-122.4110427
"129 Steiner St, San Francisco, CA 94117, USA","129, Steiner Street, Lower Haight, Western Addition, San Francisco, California, 94143, United States",37.7703347,-122.4319525
"Alemany Blvd, San Francisco, CA 94112, USA","Alemany Boulevard, Ocean View, San Francisco, California, 94112, United States",37.71005019162538,-122.4596976
"566 Moscow St, San Francisco, CA 94112, USA","566, Moscow Street, Excelsior, San Francisco, California, 94112, United States",37.71875285,-122.4298067
"2475 Filbert St, San Francisco, CA 94123, USA","2475, Filbert Street, Cow Hollow, San Francisco, California, 94123, United States",37.797247299999995,-122.4400829
"2165 Revere Ave, San Francisco, CA 94124, USA","2165, Revere Avenue, Silver Terrace, Bayview District, San Francisco, California, 94124, United States",37.7375133,-122.4008673
"302 Melrose Ave, San Francisco, CA 94127, USA","302, Melrose Avenue, Sunnyside, San Francisco, California, 94127, United States",37.73384545,-122.4491116
"226 Oriente St, Daly City, CA 94014, USA","226, Oriente Street, Bayshore, Daly City, San Mateo County, California, 94014, United States",37.70436298205557,-122.4151946
"1099 Bryant St, San Francisco, CA 94103, USA","1099, Bryant Street, West SoMa, South of Market, San Francisco, California, 94103, United States",37.77132,-122.408347
"283 Silver Ave, San Francisco, CA 94112, USA","283, Silver Avenue, Sunnyside, San Francisco, California, 94112, United States",37.7291259,-122.4315812
"8 Addison St, San Francisco, CA 94131, USA","8, Addison Street, Glen Park, San Francisco, California, 94131, United States",37.73795065,-122.4298298
"2977 Vallejo St, San Francisco, CA 94123, USA","2977, Vallejo Street, Cow Hollow, San Francisco, California, 94123, United States",37.79373869387755,-122.4461383
"294 Raymond Ave, San Francisco, CA 94134, USA","294, Raymond Avenue, Visitacion Valley, San Francisco, California, 94134, United States",37.71381683673469,-122.4089378
"575 Campbell Ave, San Francisco, CA 94134, USA","575, Campbell Avenue, Visitacion Valley, San Francisco, California, 94134, United States",37.71559134693877,-122.4077503
"4421 Mission St, San Francisco, CA 94112, USA","4421;4423, Mission Street, Excelsior, San Francisco, California, 94112, United States",37.72725495,-122.4326363
"2300 16th St, San Francisco, CA 94103, USA","Jamba, 2300, 16th Street, Mission District, San Francisco, California, 94103, United States",37.7665115,-122.4087
"36 Paradise Ave, San Francisco, CA 94131, USA","36, Paradise Avenue, Glen Park, San Francisco, California, 94131, United States",37.73527947517722,-122.4387347
"876 Bayshore Blvd, San Francisco, CA 94124, USA","876, Bayshore Boulevard, Silver Terrace, Bayview District, San Francisco, California, 94124, United States",37.73234127169269,-122.4042285
"2885 Diamond St, San Francisco, CA 94131, USA","Cafe Bello, 2885, Diamond Street, Glen Park, San Francisco, California, 94112, United States",37.7337422,-122.4339474
"22 Cuvier St, San Francisco, CA 94112, USA","22, Cuvier Street, St. Mary's Park, San Francisco, California, 94112, United States",37.73412955,-122.4288615
"360 Frankfort St, Daly City, CA 94014, USA","360, Frankfort Street, Daly City, San Mateo County, California, 94014, United States",37.70487553930017,-122.4488571
"869 Schwerin St, Daly City, CA 94014, USA","869, Schwerin Street, Bayshore, Daly City, San Mateo County, California, 94014, United States",37.703167883578246,-122.4145405
"127 Madrid St, San Francisco, CA 94112, USA","127, Madrid Street, Excelsior, San Francisco, California, 94112, United States",37.7272673,-122.4282349
"2351 16th St, San Francisco, CA 94103, USA","2351, 16th Street, Mission District, San Francisco, California, 94103, United States",37.76555871414245,-122.4098983
"Twin Peaks Blvd, San Francisco, CA 94114, USA","Twin Peaks Boulevard, Cole Valley, San Francisco, California, 94117, United States",37.76080700677249,-122.4466489
"303 Ottilia St, Daly City, CA 94014, USA","303, Ottilia Street, Bayshore, Daly City, San Mateo County, California, 94014, United States",37.705058089113855,-122.4159073
"221 Mateo St, San Francisco, CA 94131, USA","221, Mateo Street, Glen Park, San Francisco, California, 94112, United States",37.7362403,-122.4286778
"121 Harvard St, San Francisco, CA 94134, USA","121, Harvard Street, St. Mary's Park, San Francisco, California, 94134, United States",37.728057449999994,-122.4210861
"469 11th St, San Francisco, CA 94103, USA","469, 11th Street, Mission District, San Francisco, California, 94103, United States",37.76990712244898,-122.4114148
"264 Larkin St, San Francisco, CA 94102, USA","264, Larkin Street, Civic Center, South of Market, San Francisco, California, 94102, United States",37.78025075757576,-122.4167985
"72 Duncan St, San Francisco, CA 94110, USA","72, Duncan Street, San Francisco, California, 94110, United States",37.746344564102564,-122.421448
"469 Vienna St, San Francisco, CA 94112, USA","469, Vienna Street, Excelsior, San Francisco, California, 94112, United States",37.7208374,-122.4298827
"335 Surrey St, San Francisco, CA 94131, USA","335, Surrey Street, Glen Park, San Francisco, California, 94112, United States",37.735718950000006,-122.4375763
"75 Lansing St, San Francisco, CA 94105, USA","75, Lansing Street, Rincon Hill, South of Market, San Francisco, California, 94105, United States",37.78590565306123,-122.3940143
"129 Duboce Ave, San Francisco, CA 94103, USA","127;129, Duboce Avenue, Mission District, San Francisco, California, 90110, United States",37.76964875,-122.4230474
"77 Shotwell St, San Francisco, CA 94103, USA","77, Shotwell Street, Mission District, San Francisco, California, 94103, United States",37.76730395918368,-122.4164879
"3127 Jackson St, San Francisco, CA 94115, USA","3125;3127, Jackson Street, Pacific Heights, San Francisco, California, 94115, United States",37.79070745,-122.4465876
"812 Peru Ave, San Francisco, CA 94112, USA","812, Peru Avenue, San Francisco, California, 94134, United States",37.72491075000001,-122.4234594
"398 Hampshire St, San Francisco, CA 94110, USA","398, Hampshire Street, Mission District, San Francisco, California, 94110, United States",37.764846453488374,-122.4085665
"931 Persia Ave, San Francisco, CA 94112, USA","931, Persia Avenue, Excelsior, San Francisco, California, 94112, United States",37.71963940816326,-122.4284512
"1547 Folsom St, San Francisco, CA 94103, USA","1547, Folsom Street, Hayes Valley, Mission District, San Francisco, California, 94103, United States",37.771092249999995,-122.4145211
"475 Templeton Ave, Daly City, CA 94014, USA","475, Templeton Avenue, Daly City, San Mateo County, California, 94014, United States",37.70561278460077,-122.4519817
"2468 Union St, San Francisco, CA 94115, USA","2460;2468, Union Street, Cow Hollow, San Francisco, California, 94123, United States",37.7967401,-122.4398424
"3118 Divisadero St, San Francisco, CA 94123, USA","3118, Divisadero Street, Pacific Heights, San Francisco, California, 94123, United States",37.79848455,-122.4423119
"237 Acton St, Daly City, CA 94014, USA","237, Acton Street, Daly City, San Mateo County, California, 94014, United States",37.706051192113115,-122.4510746
"2254 Market St, San Francisco, CA 94114, USA","2254, Market Street, Duboce Triangle, Mission District, San Francisco, California, 94114, United States",37.76481918927918,-122.4320488
"88 Risel Ave, Daly City, CA 94014, USA","88, Risel Avenue, Daly City, San Mateo County, California, 94014, United States",37.70594260343446,-122.4507266
"5699 Mission St, San Francisco, CA 94112, USA","5699, Mission Street, Outer Mission, San Francisco, California, 94112, United States",37.71075,-122.447485
"1565 Harrison St, San Francisco, CA 94103, USA","1565, Harrison Street, West SoMa, Mission District, San Francisco, California, 94103, United States",37.770422,-122.412585
"165 13th St, San Francisco, CA 94103, USA","165, 13th Street, Mission District, San Francisco, California, 94103, United States",37.76946763265306,-122.4159545
"95 Santa Fe Ave, San Francisco, CA 94124, USA","95, Santa Fe Avenue, Silver Terrace, Bayview District, San Francisco, California, 94124, United States",37.7335635,-122.4000861
"326 Hampshire St, San Francisco, CA 94110, USA","326, Hampshire Street, Mission District, San Francisco, California, 94110, United States",37.765140732558145,-122.4085933
"235 Surrey St, San Francisco, CA 94131, USA","235, Surrey Street, Glen Park, San Francisco, California, 94112, United States",37.735717300000005,-122.4358287
"200 Topeka Ave, San Francisco, CA 94124, USA","200, Topeka Avenue, Silver Terrace, Bayview District, San Francisco, California, 94124, United States",37.733046,-122.397569
"480 Raymond Ave, San Francisco, CA 94134, USA","480, Raymond Avenue, Visitacion Valley, San Francisco, California, 94134, United States",37.71492581632653,-122.4130545
"1115 Visitacion Ave, San Francisco, CA 94134, USA","1115, Visitacion Avenue, Visitacion Valley, San Francisco, California, 94134, United States",37.7118893,-122.4101364
"69 Bemis St, San Francisco, CA 94131, USA","69, Bemis Street, Glen Park, San Francisco, California, 94112, United States",37.73763635,-122.4295164
"555 San Jose Avenue, San Francisco, CA 94110, USA","555, San Jose Avenue, Mission District, San Francisco, California, 94110, United States",37.746769306122445,-122.4214658
"131 S Van Ness Ave, San Francisco, CA 94103, USA","131, South Van Ness Avenue, Hayes Valley, Mission District, San Francisco, California, 94103, United States",37.771433200000004,-122.417771
"323 Treat Ave, San Francisco, CA 94110, USA","323, Treat Avenue, Mission District, San Francisco, California, 94110, United States",37.76509741,-122.4131429
"150 Helena St, San Francisco, CA 94124, USA","150, Helena Street, Silver Terrace, Bayview District, San Francisco, California, 94124, United States",37.73628170666577,-122.4046156
"2081 15th St, San Francisco, CA 94114, USA","2081;2083, 15th Street, Duboce Triangle, Mission District, San Francisco, California, 94143, United States",37.7658787,-122.4304208
"999 Brannan St, San Francisco, CA 94103, USA","Dolby Laboratories, 999, Brannan Street, West SoMa, South of Market, San Francisco, California, 90103, United States",37.7701803,-122.4063284
"772 Paris St, San Francisco, CA 94112, USA","772, Paris Street, Excelsior, San Francisco, California, 94112, United States",37.7170068,-122.4387539
"26 Ramona Ave, San Francisco, CA 94103, USA","26, Ramona Avenue, Duboce Triangle, Mission District, San Francisco, California, 94143, United States",37.7674887,-122.4255081
"2711 Scott St, San Francisco, CA 94123, USA","2711, Scott Street, Lower Pacific Heights, Western Addition, San Francisco, California, 94115, United States",37.79510125,-122.4404078
"777 Twin Peaks Blvd, San Francisco, CA 94131, USA","777, Twin Peaks Boulevard, Midtown Terrace, San Francisco, California, 94131, United States",37.750753212426545,-122.448225
"152 Sussex St, San Francisco, CA 94131, USA","152, Sussex Street, Glen Park, San Francisco, California, 94112, United States",37.7369123,-122.4357578
"694 Templeton Ave, Daly City, CA 94014, USA","694, Templeton Avenue, Daly City, San Mateo County, California, 94014, United States",37.704232,-122.4505805
"11 Belcher St, San Francisco, CA 94114, USA","11, Belcher Street, Duboce Triangle, Mission District, San Francisco, California, 94114, United States",37.76912357142857,-122.4301174
"48 Miguel St, San Francisco, CA 94131, USA","48, Miguel Street, Glen Park, San Francisco, California, 94131, United States",37.739017768540485,-122.42991
"2479 Visitacion Ave, San Francisco, CA 94134, USA","2479, Visitacion Avenue, Visitacion Valley, San Francisco, California, 94134, United States",37.71794737836364,-122.4115686
"310 Alemany Blvd, San Francisco, CA 94110, USA","310, Alemany Boulevard, St. Mary's Park, San Francisco, California, 94110, United States",37.73456062398739,-122.4114635
"85 Ney St, San Francisco, CA 94112, USA","85, Ney Street, St. Mary's Park, San Francisco, California, 94134, United States",37.7302009,-122.4284709
"283 Madrid St, San Francisco, CA 94112, USA","283, Madrid Street, Excelsior, San Francisco, California, 94112, United States",37.72491934999999,-122.4300687
"St Mary's Park Footbridge, San Francisco, CA, USA",Not Found,37.7817,-122.394096
"2106 Alemany Blvd, San Francisco, CA 94112, USA","2106, Alemany Boulevard, Excelsior, San Francisco, California, 94112, United States",37.7186568,-122.4417064
"1545 San Jose Avenue, San Francisco, CA 94112, USA","San Jose Avenue, Outer Mission, San Francisco, California, 94112, United States",37.71384833660182,-122.4524198
"59 Santa Fe Ave, San Francisco, CA 94124, USA","59, Santa Fe Avenue, Silver Terrace, Bayview District, San Francisco, California, 94124, United States",37.734070700000004,-122.4005406
"155 Hayes St, San Francisco, CA 94102, USA","Hayes Street, Civic Center, San Francisco, California, 94102, United States",37.77741667573168,-122.4188364
"2009 Lyon St, San Francisco, CA 94115, USA","2009;2011, Lyon Street, Anza Vista, Western Addition, San Francisco, California, 94115, United States",37.789449649999995,-122.4460789
"2300 16th St, San Francisco, CA 94103, USA","Jamba, 2300, 16th Street, Mission District, San Francisco, California, 94103, United States",37.7665115,-122.4087
"98 Cuvier St, San Francisco, CA 94112, USA","98, Cuvier Street, St. Mary's Park, San Francisco, California, 94112, United States",37.733585,-122.428682
"599 9th St, San Francisco, CA 94103, USA","599, 9th Street, West SoMa, South of Market, San Francisco, California, 94103, United States",37.770196,-122.407036
"360 Frankfort St, Daly City, CA 94014, USA","360, Frankfort Street, Daly City, San Mateo County, California, 94014, United States",37.70487553930017,-122.4488571
"627 14th St, San Francisco, CA 94114, USA","627, 14th Street, Duboce Triangle, Mission District, San Francisco, California, 94143, United States",37.7675852,-122.427281
"198 Crescent Ave, San Francisco, CA 94110, USA","198, Crescent Avenue, St. Mary's Park, San Francisco, California, 94110, United States",37.735051,-122.421745
"130 Madrid St, San Francisco, CA 94112, USA","130, Madrid Street, Excelsior, San Francisco, California, 94112, United States",37.727406349999995,-122.4286646
"8 Risel Ave, Daly City, CA 94014, USA","8, Risel Avenue, Daly City, San Mateo County, California, 94014, United States",37.70647791483624,-122.4491558
"3228 Sacramento St, San Francisco, CA 94115, USA","3228, Sacramento Street, Pacific Heights, San Francisco, California, 94115, United States",37.78857715,-122.4461947
"851 14th St, San Francisco, CA 94114, USA","851, 14th Street, Duboce Triangle, Mission District, San Francisco, California, 94143, United States",37.76731195,-122.4323385
"128 Lippard Ave, San Francisco, CA 94131, USA","128, Lippard Avenue, Glen Park, San Francisco, California, 94112, United States",37.73349805,-122.4361641
"1118 Naples St, San Francisco, CA 94112, USA","1116;1118, Naples Street, Crocker-Amazon, San Francisco, California, 94112, United States",37.71328345,-122.4370747
"2280 San Bruno Ave, San Francisco, CA 94134, USA","San Bruno Avenue, Little Hollywood, San Francisco, California, 94134, United States",37.71891583534695,-122.4003743
"Trainor St, San Francisco, CA 94103, USA","Trainor Street, Mission District, San Francisco, California, 90110, United States",37.769058142418665,-122.4145587
"685 San Jose Avenue, San Francisco, CA 94110, USA","685, San Jose Avenue, San Francisco, California, 94110, United States",37.745145398327544,-122.4224175
"201 Larkin St, San Francisco, CA 94102, USA","201, Larkin Street, Civic Center, South of Market, San Francisco, California, 94109, United States",37.779449,-122.416846
"1936 Folsom St, San Francisco, CA 94103, USA","1936, Folsom Street, Mission District, San Francisco, California, 90110, United States",37.766328,-122.4156542
"539 Moscow St, San Francisco, CA 94112, USA","539, Moscow Street, Excelsior, San Francisco, California, 94112, United States",37.71899745,-122.4291077
"20 Fillmore St, San Francisco, CA 94117, USA","20, Fillmore Street, Western Addition, San Francisco, California, 94117, United States",37.769653812499996,-122.4298503
"198 Madrid St, San Francisco, CA 94112, USA","198, Madrid Street, Excelsior, San Francisco, California, 94112, United States",37.72647265,-122.4293353
"12 Shotwell St, San Francisco, CA 94103, USA","12;14;16, Shotwell Street, Mission District, San Francisco, California, 90110, United States",37.76814175,-122.416871
"718 Silver Ave, San Francisco, CA 94134, USA","718, Silver Avenue, St. Mary's Park, San Francisco, California, 94134, United States",37.72875085,-122.4211942
"836 Moscow St, San Francisco, CA 94112, USA","836, Moscow Street, Crocker-Amazon, San Francisco, California, 94112, United States",37.71470405,-122.4328795
"340 Hanover St, San Francisco, CA 94112, USA","340, Hanover Street, Crocker-Amazon, San Francisco, California, 94112, United States",37.709149249999996,-122.443718
"92 Charter Oak Ave, San Francisco, CA 94124, USA","92, Charter Oak Avenue, Silver Terrace, Bayview District, San Francisco, California, 94124, United States",37.73661031819829,-122.4048415
"340 Chenery St, San Francisco, CA 94131, USA","340, Chenery Street, Glen Park, San Francisco, California, 94112, United States",37.73700855,-122.4284133
"1848 Felton St, San Francisco, CA 94134, USA","1848, Felton Street, Portola, San Francisco, California, 94134, United States",37.72532335,-122.4232763
"164 Utah St, San Francisco, CA 94103, USA","164, Utah Street, South of Market, San Francisco, California, 94103, United States",37.76761530612245,-122.4068263
"123 Noe St, San Francisco, CA 94114, USA","123;125;127, Noe Street, Western Addition, San Francisco, California, 94143, United States",37.7670816,-122.4331286
"110 Madrid St, San Francisco, CA 94112, USA","110, Madrid Street, Excelsior, San Francisco, California, 94112, United States",37.727706,-122.4284496
"145 Bosworth St, San Francisco, CA 94112, USA","145, Bosworth Street, St. Mary's Park, San Francisco, California, 94112, United States",37.733434653061224,-122.4280866
"106 Madrid St, San Francisco, CA 94112, USA","106, Madrid Street, Excelsior, San Francisco, California, 94112, United States",37.72775815,-122.4283962
"214 Van Ness Ave, San Francisco, CA 94102, USA","214, Van Ness Avenue, Civic Center, San Francisco, California, 94102, United States",37.7775395,-122.4195592
"260 12th St, San Francisco, CA 94103, USA","260, 12th Street, West SoMa, Mission District, San Francisco, California, 94103, United States",37.77114375862069,-122.4157825
"423 S Van Ness Ave, San Francisco, CA 94103, USA","423;425;427;429;431;433, South Van Ness Avenue, Mission District, San Francisco, California, 90110, United States",37.766351549999996,-122.4173166
"1951 Lyon St, San Francisco, CA 94115, USA","1945;1947;1949;1951;1953;1955, Lyon Street, Anza Vista, Western Addition, San Francisco, California, 94115, United States",37.7889662,-122.4459698
"610 Chenery St, San Francisco, CA 94131, USA","610, Chenery Street, Glen Park, San Francisco, California, 94131, United States",37.734616448979594,-122.4329
"251 Whittier St, Daly City, CA 94014, USA","251, Whittier Street, Daly City, San Mateo County, California, 94014, United States",37.70723444897959,-122.4465698
"698 Schwerin St, Daly City, CA 94014, USA","698, Schwerin Street, Bayshore, Daly City, San Mateo County, California, 94014, United States",37.706535,-122.413268
"1455 15th St, San Francisco, CA 94103, USA","1455, 15th Street, Mission District, San Francisco, California, 94103, United States",37.7667672,-122.4169056
"131 Bemis St, San Francisco, CA 94131, USA","131, Bemis Street, Glen Park, San Francisco, California, 94131, United States",37.737100673469385,-122.4304434
"711 Peru Ave, San Francisco, CA 94112, USA","711, Peru Avenue, San Francisco, California, 94134, United States",37.72589355,-122.4234455
"452 Bellevue Ave, Daly City, CA 94014, USA","452, Bellevue Avenue, Daly City, San Mateo County, California, 94014, United States",37.70549500270285,-122.4497948
"953 Naples St, San Francisco, CA 94112, USA","953, Naples Street, Excelsior, San Francisco, California, 94112, United States",37.71475115,-122.4355318
"1171 Munich St, San Francisco, CA 94112, USA","1171, Munich Street, Crocker-Amazon, San Francisco, California, 94112, United States",37.710675550000005,-122.4375707
"343 Teddy Ave, San Francisco, CA 94134, USA","343, Teddy Avenue, Visitacion Valley, San Francisco, California, 94134, United States",37.7152243,-122.4096297
"1122 Alemany Blvd, San Francisco, CA 94112, USA","1122, Alemany Boulevard, St. Mary's Park, San Francisco, California, 94112, United States",37.7308035,-122.4298956
"100 Tiffany Ave, San Francisco, CA 94110, USA","100, Tiffany Avenue, San Francisco, California, 90110, United States",37.74526775,-122.4214168
"3198 Pacific Ave, San Francisco, CA 94115, USA","3198, Pacific Avenue, Pacific Heights, San Francisco, California, 94115, United States",37.79188295,-122.4475198
"298 Excelsior Ave, San Francisco, CA 94112, USA","Excelsior Avenue, Excelsior, San Francisco, California, 94112, United States",37.72492488925168,-122.430868
"101 Milton St, San Francisco, CA 94112, USA","101, Milton Street, St. Mary's Park, San Francisco, California, 94112, United States",37.73328,-122.429301
"2791 16th St, San Francisco, CA 94103, USA","All Star Hotel, 2791, 16th Street, Mission District, San Francisco, California, 90110, United States",37.7650917,-122.4148592
"3045 Pacific Ave, San Francisco, CA 94115, USA","3045, Pacific Avenue, Pacific Heights, San Francisco, California, 94115, United States",37.791754600000004,-122.4453095
"695 Campbell Ave, San Francisco, CA 94134, USA","695, Campbell Avenue, Visitacion Valley, San Francisco, California, 94134, United States",37.71620179999999,-122.4104071
"743 Peru Ave, San Francisco, CA 94112, USA","743, Peru Avenue, San Francisco, California, 94134, United States",37.72554605,-122.423362
"224 12th St, San Francisco, CA 94103, USA","224, 12th Street, West SoMa, Mission District, San Francisco, California, 94103, United States",37.77147110526316,-122.4165332
"425 Chenery St, San Francisco, CA 94131, USA","425, Chenery Street, Glen Park, San Francisco, California, 94112, United States",37.73605035,-122.4292543
"53 Milton St, San Francisco, CA 94112, USA","53, Milton Street, St. Mary's Park, San Francisco, California, 94112, United States",37.733732700000004,-122.4292943
"2300 16th St, San Francisco, CA 94103, USA","Jamba, 2300, 16th Street, Mission District, San Francisco, California, 94103, United States",37.7665115,-122.4087
"1254 Naples St, San Francisco, CA 94112, USA","1254, Naples Street, Crocker-Amazon, San Francisco, California, 94112, United States",37.71129415,-122.4385229
"859 Twin Peaks Blvd, San Francisco, CA 94131, USA","859, Twin Peaks Boulevard, Midtown Terrace, San Francisco, California, 94131, United States",37.74998236465324,-122.4467759
"247 Richland Ave, San Francisco, CA 94110, USA","247, Richland Avenue, Bernal Heights, San Francisco, California, 94134, United States",37.736026100000004,-122.4218563
"150 Hayes St, San Francisco, CA 94102, USA","150, Hayes Street, Civic Center, San Francisco, California, 94102, United States",37.77767255,-122.4188793
"291 Raymond Ave, San Francisco, CA 94134, USA","291, Raymond Avenue, Visitacion Valley, San Francisco, California, 94134, United States",37.71358035,-122.4090532
"428 Delta St, San Francisco, CA 94134, USA","428, Delta Street, Visitacion Valley, San Francisco, California, 94134, United States",37.71426128571429,-122.409101
"63 Valley St, San Francisco, CA 94110, USA","61;63, Valley Street, Noe Valley, San Francisco, California, 94114, United States",37.744496049999995,-122.4235001
"178 Accacia St, Daly City, CA 94014, USA","178, Accacia Street, Bayshore, Daly City, San Mateo County, California, 94014, United States",37.70555021049417,-122.4156208
"18 Alexander Ave, Daly City, CA 94014, USA","18, Alexander Avenue, Top of the Hill, Daly City, San Mateo County, California, 94014, United States",37.704255379426314,-122.4510781
"258 Surrey St, San Francisco, CA 94131, USA","258, Surrey Street, Glen Park, San Francisco, California, 94112, United States",37.7359761,-122.4361518
"98 Fulton St, San Francisco, CA 94102, USA","98, Fulton Street, Civic Center, South of Market, San Francisco, California, 94102, United States",37.779889,-122.414989
"2300 16th St, San Francisco, CA 94103, USA","Jamba, 2300, 16th Street, Mission District, San Francisco, California, 94103, United States",37.7665115,-122.4087
"55 Fillmore St, San Francisco, CA 94117, USA","Local 6 International Brotherhood of Electrical Workers, 55, Fillmore Street, Western Addition, San Francisco, California, 94143, United States",37.76997725,-122.4303026
"2100 Folsom St, San Francisco, CA 94110, USA","Pacific Interment, 2100, Folsom Street, Mission District, San Francisco, California, 94110, United States",37.7635762,-122.415324
"685 Sweeny St, San Francisco, CA 94134, USA","685, Sweeny Street, Silver Terrace, Bayview District, San Francisco, California, 94134, United States",37.73008685,-122.4169636
"515 Rolph St, San Francisco, CA 94112, USA","515, Rolph Street, Crocker-Amazon, San Francisco, California, 94112, United States",37.7121125,-122.4330349
"95 Santa Fe Ave, San Francisco, CA 94124, USA","95, Santa Fe Avenue, Silver Terrace, Bayview District, San Francisco, California, 94124, United States",37.7335635,-122.4000861
"2290 16th St, San Francisco, CA 94103, USA","2290, 16th Street, Mission District, San Francisco, California, 94103, United States",37.765754856820514,-122.4093821
"1220 Naples St, San Francisco, CA 94112, USA","1220, Naples Street, Crocker-Amazon, San Francisco, California, 94112, United States",37.7116786,-122.4383291
"702 Foerster St, San Francisco, CA 94127, USA","702, Foerster Street, Sunnyside, San Francisco, California, 94127, United States",37.73432414788449,-122.4494778
"150 Charter Oak Ave, San Francisco, CA 94124, USA","150, Charter Oak Avenue, Silver Terrace, Bayview District, San Francisco, California, 94124, United States",37.73466865306123,-122.4046791
"756 Peru Ave, San Francisco, CA 94112, USA","756, Peru Avenue, San Francisco, California, 94134, United States",37.7253491,-122.423594
"724 Peru Ave, San Francisco, CA 94112, USA","724, Peru Avenue, San Francisco, California, 94134, United States",37.725636449999996,-122.423824
"949 Naples St, San Francisco, CA 94112, USA","949, Naples Street, Excelsior, San Francisco, California, 94112, United States",37.714794350000005,-122.4354613
"2142 15th St, San Francisco, CA 94114, USA","2142B, 15th Street, Duboce Triangle, Mission District, San Francisco, California, 94143, United States",37.7661476,-122.4320618
"50 Fell St, San Francisco, CA 94102, USA","Mission Montessori, 50, Fell Street, Civic Center, San Francisco, California, 94102, United States",37.77666725,-122.418818
"163 Accacia St, Daly City, CA 94014, USA","163, Accacia Street, Bayshore, Daly City, San Mateo County, California, 94014, United States",37.70574689430564,-122.4153137
"1940 Harrison St, San Francisco, CA 94103, USA","1940, Harrison Street, Mission District, San Francisco, California, 94103, United States",37.76617518367347,-122.4132786
"468 Rolph St, San Francisco, CA 94112, USA","468, Rolph Street, Crocker-Amazon, San Francisco, California, 94112, United States",37.7121341,-122.4339864
"44 Shotwell St, San Francisco, CA 94103, USA","42;44, Shotwell Street, Mission District, San Francisco, California, 90110, United States",37.76771665,-122.4168921
"76 Maynard St, San Francisco, CA 94112, USA","76, Maynard Street, St. Mary's Park, San Francisco, California, 94112, United States",37.729118650000004,-122.4288503
"278 Shotwell St, San Francisco, CA 94110, USA","278, Shotwell Street, Mission District, San Francisco, California, 94110, United States",37.76403097959184,-122.4163708
"439 Chenery St, San Francisco, CA 94131, USA","439;443, Chenery Street, Glen Park, San Francisco, California, 94112, United States",37.73594865,-122.4294627
"94 Addison St, San Francisco, CA 94131, USA","94, Addison Street, Glen Park, San Francisco, California, 94131, United States",37.73764590995081,-122.4312817
"330 Guerrero St, San Francisco, CA 94103, USA","330;332;334, Guerrero Street, Duboce Triangle, Mission District, San Francisco, California, 94143, United States",37.7658512,-122.4244751
"524 Avalon Ave, San Francisco, CA 94112, USA","524, Avalon Avenue, Excelsior, San Francisco, California, 94112, United States",37.725533999999996,-122.428158
"4175 Mission St, San Francisco, CA 94112, USA","Manila Oriental Market, 4175, Mission Street, St. Mary's Park, San Francisco, California, 94112, United States",37.7302646,-122.4289714
"506 Bellevue Ave, Daly City, CA 94014, USA","506, Bellevue Avenue, Top of the Hill, Daly City, San Mateo County, California, 94014, United States",37.704858715170054,-122.4515217
"428 11th St, San Francisco, CA 94103, USA","SoMa StrEat Food Park, 428, 11th Street, Mission District, San Francisco, California, 94103, United States",37.7698465,-122.4119465
"1185 Naples St, San Francisco, CA 94112, USA","1185, Naples Street, Crocker-Amazon, San Francisco, California, 94112, United States",37.7119511,-122.4375377
"743 Prague St, San Francisco, CA 94112, USA","743, Prague Street, Crocker-Amazon, San Francisco, California, 94112, United States",37.7111357,-122.432909
"2145 16th St, San Francisco, CA 94103, USA","2145, 16th Street, Mission District, San Francisco, California, 94103, United States",37.76566872172047,-122.4080713
"264 Acton St, Daly City, CA 94014, USA","264, Acton Street, Daly City, San Mateo County, California, 94014, United States",37.705547087002174,-122.4510258
"236 Oxford St, San Francisco, CA 94134, USA","236, Oxford Street, St. Mary's Park, San Francisco, California, 94134, United States",37.7268233,-122.4199145
"1154 Alemany Blvd, San Francisco, CA 94112, USA","1154, Alemany Boulevard, St. Mary's Park, San Francisco, California, 94112, United States",37.73109225,-122.4302988
"116 Maddux Ave, San Francisco, CA 94124, USA","116, Maddux Avenue, Silver Terrace, Bayview District, San Francisco, California, 94124, United States",37.73353485,-122.3989944
"145A Hampshire St, San Francisco, CA 94103, USA","Hampshire Street, Mission District, San Francisco, California, 90103, United States",37.76727632278381,-122.4087916
"302 Van Ness Ave, San Francisco, CA 94102, USA","302, Van Ness Avenue, Hayes Valley, San Francisco, California, 94102, United States",37.77835303535354,-122.4200748
"98 Norfolk St, San Francisco, CA 94103, USA","98, Norfolk Street, West SoMa, Mission District, San Francisco, California, 94103, United States",37.770395,-122.412938
"499 Bellevue Ave, Daly City, CA 94014, USA","499, Bellevue Avenue, Daly City, San Mateo County, California, 94014, United States",37.70489,-122.451061
"1599 Geneva Ave, San Francisco, CA 94112, USA","1599, Geneva Avenue, Crocker-Amazon, San Francisco, California, 94134, United States",37.712122978034365,-122.4294488
"120 Madrid St, San Francisco, CA 94112, USA","120, Madrid Street, Excelsior, San Francisco, California, 94112, United States",37.72753215,-122.4286014
"211 Seneca Ave, San Francisco, CA 94112, USA","211, Seneca Avenue, Excelsior, San Francisco, California, 94112, United States",37.71991965,-122.4428497
"9 Duncan St, San Francisco, CA 94110, USA","9, Duncan Street, San Francisco, California, 94110, United States",37.74639464102564,-122.4206113
"642 Harrison St, San Francisco, CA 94107, USA","642, Harrison Street, Rincon Hill, South of Market, San Francisco, California, 94105, United States",37.78384765,-122.3965197
"875 Schwerin St, Daly City, CA 94014, USA","875, Schwerin Street, Bayshore, Daly City, San Mateo County, California, 94014, United States",37.703103999963126,-122.4145688
"360 Raymond Ave, San Francisco, CA 94134, USA","360, Raymond Avenue, Visitacion Valley, San Francisco, California, 94134, United States",37.714215,-122.4104266
"598 Bosworth St, San Francisco, CA 94131, USA","598, Bosworth Street, Glen Park, San Francisco, California, 94131, United States",37.733655,-122.433958
"718 Schwerin St, Daly City, CA 94014, USA","718, Schwerin Street, Bayshore, Daly City, San Mateo County, California, 94014, United States",37.70601816411691,-122.4134965
"2300 16th St, San Francisco, CA 94103, USA","Jamba, 2300, 16th Street, Mission District, San Francisco, California, 94103, United States",37.7665115,-122.4087
"272 Oxford St, San Francisco, CA 94134, USA","272, Oxford Street, St. Mary's Park, San Francisco, California, 94134, United States",37.72642845,-122.419741
"120 London St, San Francisco, CA 94112, USA","120, London Street, Excelsior, San Francisco, California, 94112, United States",37.7271279,-122.4321992
"165 Oxford St, San Francisco, CA 94134, USA","165, Oxford Street, St. Mary's Park, San Francisco, California, 94134, United States",37.72779955,-122.419846
"709 Twin Peaks Blvd, San Francisco, CA 94131, USA","709, Twin Peaks Boulevard, Midtown Terrace, San Francisco, California, 94131, United States",37.75116654473998,-122.4472522
"San Jose Avenue, San Francisco, CA 94131, USA","San Jose Avenue, Sunnyside, San Francisco, California, 94112, United States",37.730039117454126,-122.4382512
"3255 Washington St, San Francisco, CA 94115, USA","3255, Washington Street, Presidio Terrace, Richmond District, San Francisco, California, 94115, United States",37.789941408163266,-122.4466711
"411 Vienna St, San Francisco, CA 94112, USA","411, Vienna Street, Excelsior, San Francisco, California, 94112, United States",37.72156335,-122.4292239
"808 Twin Peaks Blvd, San Francisco, CA 94131, USA","808, Twin Peaks Boulevard, Midtown Terrace, San Francisco, California, 94131, United States",37.750202273895255,-122.4474412
"598 Bosworth St, San Francisco, CA 94131, USA","598, Bosworth Street, Glen Park, San Francisco, California, 94131, United States",37.733655,-122.433958
"1669 Geneva Ave, San Francisco, CA 94134, USA","1669, Geneva Avenue, Crocker-Amazon, San Francisco, California, 94134, United States",37.71145812124795,-122.4277608
"865 Chenery St, San Francisco, CA 94131, USA","865, Chenery Street, Glen Park, San Francisco, California, 94112, United States",37.73483005,-122.436834
"134 Elmira St, San Francisco, CA 94124, USA","134, Elmira Street, Silver Terrace, Bayview District, San Francisco, California, 94124, United States",37.73542671428571,-122.4037802
"816 Lisbon St, San Francisco, CA 94112, USA","816, Lisbon Street, Excelsior, San Francisco, California, 94112, United States",37.7161713,-122.4383353
"159 Tiffany Ave, San Francisco, CA 94110, USA","159, Tiffany Avenue, San Francisco, California, 94110, United States",37.74451443434344,-122.4215154
"100 Polk St, San Francisco, CA 94102, USA","100, Polk Street, Civic Center, San Francisco, California, 94102, United States",37.777647,-122.417966
"631 Duboce Ave, San Francisco, CA 94117, USA","631, Duboce Avenue, Western Addition, San Francisco, California, 94114, United States",37.769066382352946,-122.4341666
"41 Grove St, San Francisco, CA 94102, USA","41, Grove Street, Civic Center, South of Market, San Francisco, California, 94102, United States",37.778693653061225,-122.4156388
"98 Elliot St, San Francisco, CA 94134, USA","Elliot Street, Visitacion Valley, San Francisco, California, 94134, United States",37.7140437,-122.4114722
"557 Duboce Ave, San Francisco, CA 94117, USA","557, Duboce Avenue, Western Addition, San Francisco, California, 94143, United States",37.7690405,-122.432707
"683 Campbell Ave, San Francisco, CA 94134, USA","683, Campbell Avenue, Visitacion Valley, San Francisco, California, 94134, United States",37.716135,-122.4101641
"198 Utah St, San Francisco, CA 94103, USA","198, Utah Street, South of Market, San Francisco, California, 94103, United States",37.767259,-122.406792
"900 Persia Ave, San Francisco, CA 94112, USA","900, Persia Avenue, Excelsior, San Francisco, California, 94112, United States",37.719578,-122.428725
"225 Accacia St, Daly City, CA 94014, USA","225, Accacia Street, Bayshore, Daly City, San Mateo County, California, 94014, United States",37.70457665058677,-122.4158331
"151 Lippard Ave, San Francisco, CA 94131, USA","151, Lippard Avenue, Glen Park, San Francisco, California, 94112, United States",37.733157750000004,-122.4357801
"3018 California St, San Francisco, CA 94115, USA","3018, California Street, Lower Pacific Heights, San Francisco, California, 94115, United States",37.78780095,-122.4442394
"480 Raymond Ave, San Francisco, CA 94134, USA","480, Raymond Avenue, Visitacion Valley, San Francisco, California, 94134, United States",37.71492581632653,-122.4130545
"155 Lowell St, San Francisco, CA 94112, USA","155, Lowell Street, Outer Mission, San Francisco, California, 94112, United States",37.710357849999994,-122.4454984
"101 27th St, San Francisco, CA 94110, USA","101, 27th Street, San Francisco, California, 90110, United States",37.7470389,-122.422718
"1820 Lyon St, San Francisco, CA 94115, USA","1820, Lyon Street, Anza Vista, Western Addition, San Francisco, California, 94115, United States",37.7882,-122.4452815
"385 Chenery St, San Francisco, CA 94131, USA","385, Chenery Street, Glen Park, San Francisco, California, 94112, United States",37.736419299999994,-122.4286477
"512 Moscow St, San Francisco, CA 94112, USA","512, Moscow Street, Excelsior, San Francisco, California, 94112, United States",37.7195227,-122.4292324
"305 Ottilia St, Daly City, CA 94014, USA","305, Ottilia Street, Bayshore, Daly City, San Mateo County, California, 94014, United States",37.70506118202092,-122.4159187
"1921 Quint St, San Francisco, CA 94124, USA","1921, Quint Street, Silver Terrace, Bayview District, San Francisco, California, 94124, United States",37.733607649999996,-122.3995121
"191 Accacia St, Daly City, CA 94014, USA","191, Accacia Street, Bayshore, Daly City, San Mateo County, California, 94014, United States",37.705306695221815,-122.415509
"400 McAllister St, San Francisco, CA 94102, USA","San Francisco Civic Center Courthouse, 400, McAllister Street, Civic Center, San Francisco, California, 94102, United States",37.78049715,-122.41926
"2300 16th St, San Francisco, CA 94103, USA","Jamba, 2300, 16th Street, Mission District, San Francisco, California, 94103, United States",37.7665115,-122.4087
"398 Hampshire St, San Francisco, CA 94110, USA","398, Hampshire Street, Mission District, San Francisco, California, 94110, United States",37.764846453488374,-122.4085665
"2544 Vallejo St, San Francisco, CA 94123, USA","2544, Vallejo Street, Cow Hollow, San Francisco, California, 94123, United States",37.7948783,-122.4392416
"3103 Jackson St, San Francisco, CA 94115, USA","3103, Jackson Street, Pacific Heights, San Francisco, California, 94115, United States",37.79089520408163,-122.446276
"1483 Guerrero St, San Francisco, CA 94110, USA","1483, Guerrero Street, Mission District, San Francisco, California, 94110, United States",37.74770166666667,-122.4222947
"59 Potomac St, San Francisco, CA 94117, USA","59, Potomac Street, Western Addition, San Francisco, California, 94143, United States",37.7700691,-122.4327726
"566 Mangels Ave, San Francisco, CA 94127, USA","566, Mangels Avenue, Glen Park, San Francisco, California, 94112, United States",37.73325925,-122.4504298
"2533 Filbert St, San Francisco, CA 94123, USA","2533, Filbert Street, Cow Hollow, San Francisco, California, 94123, United States",37.7971354,-122.4412318
"21 Roanoke St, San Francisco, CA 94131, USA","21, Roanoke Street, Glen Park, San Francisco, California, 94112, United States",37.7364672,-122.4309712
"218 Edinburgh St, San Francisco, CA 94112, USA","218, Edinburgh Street, Excelsior, San Francisco, California, 94112, United States",37.72565445,-122.4289072
"499 Golden Gate Ave, San Francisco, CA 94102, USA","499, Golden Gate Avenue, Civic Center, San Francisco, California, 94102, United States",37.781174,-122.418638
"199 Florida St, San Francisco, CA 94103, USA","199, Florida Street, Mission District, San Francisco, California, 94103, United States",37.76697,-122.411488
"2829 Pierce St, San Francisco, CA 94123, USA","2819;2821;2829, Pierce Street, Pacific Heights, San Francisco, California, 94123, United States",37.7960382,-122.438917
"168 Sanchez St, San Francisco, CA 94114, USA","168, Sanchez Street, Duboce Triangle, Mission District, San Francisco, California, 94114, United States",37.76645924184874,-122.4311862
"132 Accacia St, Daly City, CA 94014, USA","132, Accacia Street, Bayshore, Daly City, San Mateo County, California, 94014, United States",37.706273718566706,-122.4153001
"1798 Visitacion Ave, San Francisco, CA 94134, USA","Visitacion Avenue, Visitacion Valley, San Francisco, California, 94134, United States",37.71691629,-122.4121161
"199 Bayshore Blvd, San Francisco, CA 94124, USA","199, Bayshore Boulevard, Bayview District, San Francisco, California, 94124, United States",37.745193984395485,-122.4038928
"3060 Pierce St, San Francisco, CA 94123, USA","3060, Pierce Street, Cow Hollow, San Francisco, California, 94123, United States",37.798158,-122.4389751
"10 Maynard St, San Francisco, CA 94112, USA","10, Maynard Street, St. Mary's Park, San Francisco, California, 94112, United States",37.72913833333333,-122.4304229
"1655 Bryant St, San Francisco, CA 94103, USA","1655, Bryant Street, Mission District, San Francisco, California, 94103, United States",37.76620687755102,-122.4104399
"499 Alemany Blvd, San Francisco, CA 94112, USA","499, Alemany Boulevard, St. Mary's Park, San Francisco, California, 94110, United States",37.73244632568805,-122.416338
"2741 Diamond St, San Francisco, CA 94131, USA","2741, Diamond Street, Glen Park, San Francisco, California, 94131, United States",37.73535405,-122.4337647
"920 Sunnydale Ave, San Francisco, CA 94134, USA","920, Sunnydale Avenue, Visitacion Valley, San Francisco, California, 94134, United States",37.710659,-122.4108626
"136 Newton St, San Francisco, CA 94112, USA","136, Newton Street, Crocker-Amazon, San Francisco, California, 94112, United States",37.71273705,-122.4385878
"3199 Clay St, San Francisco, CA 94115, USA","3199, Clay Street, Jordan Park, Richmond District, San Francisco, California, 94118, United States",37.7891494,-122.4455046
"150 Hampshire St, San Francisco, CA 94103, USA","150, Hampshire Street, Mission District, San Francisco, California, 94103, United States",37.76804704081633,-122.4088288
"843 Twin Peaks Blvd, San Francisco, CA 94131, USA","843, Twin Peaks Boulevard, Midtown Terrace, San Francisco, California, 94131, United States",37.750067616128725,-122.4469759
"170 S Van Ness Ave, San Francisco, CA 94103, USA","170A, South Van Ness Avenue, Hayes Valley, Mission District, San Francisco, California, 94103, United States",37.7704657,-122.4180415
"1145 Visitacion Ave, San Francisco, CA 94134, USA","1145, Visitacion Avenue, Visitacion Valley, San Francisco, California, 94134, United States",37.71202805,-122.410517
"118 Cuvier St, San Francisco, CA 94112, USA","118, Cuvier Street, St. Mary's Park, San Francisco, California, 94112, United States",37.733064299999995,-122.4287279
"79 Everson St, San Francisco, CA 94131, USA","79, Everson Street, Glen Park, San Francisco, California, 94131, United States",37.73832988888889,-122.4309768
"998 Persia Ave, San Francisco, CA 94112, USA","998, Persia Avenue, Excelsior, San Francisco, California, 94112, United States",37.719318,-122.42818
"2063 Revere Ave, San Francisco, CA 94124, USA","2063, Revere Avenue, Silver Terrace, Bayview District, San Francisco, California, 94124, United States",37.73619077419355,-122.3985277
"318 Arleta Ave, San Francisco, CA 94134, USA","316;318, Arleta Avenue, Visitacion Valley, San Francisco, California, 94134, United States",37.7147818,-122.4092708
"187 Accacia St, Daly City, CA 94014, USA","187, Accacia Street, Bayshore, Daly City, San Mateo County, California, 94014, United States",37.70536954283272,-122.415481
"241 Benton Ave, San Francisco, CA 94112, USA","241, Benton Avenue, St. Mary's Park, San Francisco, California, 94134, United States",37.7331851,-122.4227572
"943 Moscow St, San Francisco, CA 94112, USA","943, Moscow Street, Crocker-Amazon, San Francisco, California, 94112, United States",37.71354170707071,-122.4333026
"870 Schwerin St, Daly City, CA 94014, USA","870, Schwerin Street, Bayshore, Daly City, San Mateo County, California, 94014, United States",37.70339523624238,-122.4146597
"151 Noe St, San Francisco, CA 94114, USA","151;157;159, Noe Street, Western Addition, San Francisco, California, 94143, United States",37.76649895,-122.4330744
"126 London St, San Francisco, CA 94112, USA","126, London Street, Excelsior, San Francisco, California, 94112, United States",37.72706655,-122.4322416
"2399 16th St, San Francisco, CA 94103, USA","2399, 16th Street, Mission District, San Francisco, California, 94103, United States",37.765533,-122.410324
"776 Rolph St, San Francisco, CA 94112, USA","776, Rolph Street, Crocker-Amazon, San Francisco, California, 94112, United States",37.71151315,-122.4303778
"889 Schwerin St, Daly City, CA 94014, USA","889, Schwerin Street, Bayshore, Daly City, San Mateo County, California, 94014, United States",37.702955,-122.414635
"820 14th St, San Francisco, CA 94114, USA","824;822;820, 14th Street, Duboce Triangle, Mission District, San Francisco, California, 94143, United States",37.76772065,-122.4318413
"2158 Market St, San Francisco, CA 94114, USA","2158, Market Street, Duboce Triangle, Mission District, San Francisco, California, 94114, United States",37.76639572222197,-122.4299994
"436 9th St, San Francisco, CA 94103, USA","436, 9th Street, West SoMa, South of Market, San Francisco, California, 94103, United States",37.7720092,-122.409576
"570 Folsom St, San Francisco, CA 94105, USA","570, Folsom Street, Transbay, South of Market, San Francisco, California, 94105, United States",37.78593856,-122.3963495
"934 Brannan St, San Francisco, CA 94103, USA","934, Brannan Street, West SoMa, South of Market, San Francisco, California, 94103, United States",37.77059336734694,-122.4064611
"198 Hawthorne St, San Francisco, CA 94107, USA","198, Hawthorne Street, Transbay, South of Market, San Francisco, California, 94107, United States",37.784048,-122.397176
"145 Whittier St, San Francisco, CA 94112, USA","145, Whittier Street, San Francisco, San Mateo County, California, 94112, United States",37.70855974101419,-122.4472795
"11 Milton St, San Francisco, CA 94112, USA","11;13, Milton Street, St. Mary's Park, San Francisco, California, 94112, United States",37.7342175,-122.4293604
"1237 Alemany Blvd, San Francisco, CA 94112, USA","1237, Alemany Boulevard, St. Mary's Park, San Francisco, California, 94112, United States",37.730166350000005,-122.4317687
"3091 Sacramento St, San Francisco, CA 94115, USA","3087;3091, Sacramento Street, Pacific Heights, San Francisco, California, 94115, United States",37.78846915,-122.4436625
"198 Newton St, San Francisco, CA 94112, USA","198, Newton Street, Crocker-Amazon, San Francisco, California, 94112, United States",37.712077550000004,-122.4383541
"101, San Francisco, CA 94124, USA","101, San Francisco, California, United States",37.76297715,-122.4375719
"237 Acton St, Daly City, CA 94014, USA","237, Acton Street, Daly City, San Mateo County, California, 94014, United States",37.706051192113115,-122.4510746
"216 Whittier St, Daly City, CA 94014, USA","216, Whittier Street, Daly City, San Mateo County, California, 94014, United States",37.707528183673475,-122.4469547
"450 McAllister St, San Francisco, CA 94102, USA","450, McAllister Street, Civic Center, San Francisco, California, 94102, United States",37.780248,-122.4194078
"310 Alemany Blvd, San Francisco, CA 94110, USA","310, Alemany Boulevard, St. Mary's Park, San Francisco, California, 94110, United States",37.73456062398739,-122.4114635
"99 Schwerin St, San Francisco, CA 94134, USA","99, Schwerin Street, Visitacion Valley, San Francisco, California, 94134, United States",37.712295,-122.410491
"3243 Mission St, San Francisco, CA 94110, USA","Lucita Niteclub, 3241;3243, Mission Street, Bernal Heights, San Francisco, California, 90110, United States",37.7448946,-122.4201726
"851 Edinburgh St, San Francisco, CA 94112, USA","851, Edinburgh Street, Excelsior, San Francisco, California, 94112, United States",37.71584555,-122.4358288
"162 S Van Ness Ave, San Francisco, CA 94103, USA","162, South Van Ness Avenue, Hayes Valley, Mission District, San Francisco, California, 94103, United States",37.77107461941636,-122.4181956
"924 Naples St, San Francisco, CA 94112, USA","924, Naples Street, Excelsior, San Francisco, California, 94112, United States",37.715126350000006,-122.4358353
"688 San Jose Avenue, San Francisco, CA 94110, USA","Mitchell's Ice Cream, 688, San Jose Avenue, San Francisco, California, 90110, United States",37.7441456,-122.422811
"2098 Alemany Blvd, San Francisco, CA 94112, USA","2098, Alemany Boulevard, Excelsior, San Francisco, California, 94112, United States",37.71884785,-122.4413794
"201 Van Ness Ave, San Francisco, CA 94102, USA","Louise M. Davies Symphony Hall, 201, Van Ness Avenue, Hayes Valley, San Francisco, California, 94102, United States",37.77764715,-122.4204585
"999 Brannan St, San Francisco, CA 94103, USA","Dolby Laboratories, 999, Brannan Street, West SoMa, South of Market, San Francisco, California, 90103, United States",37.7701803,-122.4063284
"208 Utah St, San Francisco, CA 94103, USA","Strava, 208, Utah Street, Mission District, San Francisco, California, 94103, United States",37.7669618,-122.4068138
"170 S Van Ness Ave, San Francisco, CA 94103, USA","170A, South Van Ness Avenue, Hayes Valley, Mission District, San Francisco, California, 94103, United States",37.7704657,-122.4180415
"146 Edinburgh St, San Francisco, CA 94112, USA","146, Edinburgh Street, Excelsior, San Francisco, California, 94112, United States",37.72679175,-122.4280522
"250 Ottilia St, Daly City, CA 94014, USA","250, Ottilia Street, Bayshore, Daly City, San Mateo County, California, 94014, United States",37.70505231456592,-122.415262
"9 Tingley St, San Francisco, CA 94112, USA","9, Tingley Street, Sunnyside, San Francisco, California, 94112, United States",37.72831565306122,-122.4321387
"349 2nd St, San Francisco, CA 94107, USA","349, 2nd Street, Transbay, South of Market, San Francisco, California, 94107, United States",37.78528228571429,-122.396233
"98 Elliot St, San Francisco, CA 94134, USA","Elliot Street, Visitacion Valley, San Francisco, California, 94134, United States",37.7140437,-122.4114722
"2990 Vallejo St, San Francisco, CA 94123, USA","2990, Vallejo Street, Cow Hollow, San Francisco, California, 94115, United States",37.79400395,-122.4463962
"20 Marsilly St, San Francisco, CA 94112, USA",Not Found,37.733921,-122.428017
"115 Cuvier St, San Francisco, CA 94112, USA","115, Cuvier Street, St. Mary's Park, San Francisco, California, 94112, United States",37.73297115,-122.4282514
"99 W View Ave, San Francisco, CA 94134, USA","99, West View Avenue, St. Mary's Park, San Francisco, California, 94134, United States",37.731104,-122.417395
"598 Templeton Ave, Daly City, CA 94014, USA","598, Templeton Avenue, Daly City, San Mateo County, California, 94014, United States",37.704927,-122.451431
"80, San Francisco, CA 94105, USA","San Francisco, California, United States",37.7792588,-122.4193286
"11 Robblee Ave, San Francisco, CA 94124, USA","11, Robblee Avenue, Silver Terrace, Bayview District, San Francisco, California, 94124, United States",37.735783,-122.3985146
"82 14th St, San Francisco, CA 94103, USA","Rintaro, 82, 14th Street, Mission District, San Francisco, California, 94103, United States",37.768887899999996,-122.4151313
"399 Excelsior Ave, San Francisco, CA 94112, USA","399, Excelsior Avenue, Excelsior, San Francisco, California, 94112, United States",37.724859,-122.430533
"179 Hamerton Ave, San Francisco, CA 94131, USA","179, Hamerton Avenue, Glen Park, San Francisco, California, 94112, United States",37.7331737,-122.4376781
"3380 Mission St, San Francisco, CA 94110, USA","3380, Mission Street, Bernal Heights, San Francisco, California, 94110, United States",37.742959,-122.421707
"2562 Vallejo St, San Francisco, CA 94123, USA","2560;2562, Vallejo Street, Cow Hollow, San Francisco, California, 94123, United States",37.7949439,-122.4394653
"2 Rey St, San Francisco, CA 94134, USA","2, Rey Street, Visitacion Valley, San Francisco, California, 94134, United States",37.7134571,-122.4113092
"480 Vienna St, San Francisco, CA 94112, USA","480, Vienna Street, Excelsior, San Francisco, California, 94112, United States",37.7209083,-122.4303634
"899 Moscow St, San Francisco, CA 94112, USA","899, Moscow Street, Crocker-Amazon, San Francisco, California, 94112, United States",37.71377326262626,-122.4331357
"1357 Harrison St, San Francisco, CA 94103, USA","1357, Harrison Street, West SoMa, South of Market, San Francisco, California, 94103, United States",37.7717297,-122.4106478
"630 Chenery St, San Francisco, CA 94131, USA","630;636;642;648;650;652, Chenery Street, Glen Park, San Francisco, California, 94112, United States",37.7346791,-122.4330212
"1935 Silver Ave, San Francisco, CA 94124, USA","1935, Silver Avenue, Silver Terrace, Bayview District, San Francisco, California, 94124, United States",37.73523375,-122.4012851
"501 Templeton Ave, Daly City, CA 94014, USA","501, Templeton Avenue, Daly City, San Mateo County, California, 94014, United States",37.70535208471732,-122.4516625
"302 Potrero Ave, San Francisco, CA 94103, USA","McDonald's, 302, Potrero Avenue, Mission District, San Francisco, California, 94103, United States",37.765413,-122.4079344
"1960 Harrison St, San Francisco, CA 94103, USA","1960, Harrison Street, Mission District, San Francisco, California, 94103, United States",37.765964775510206,-122.4132584
"1585 San Jose Avenue, San Francisco, CA 94112, USA","San Jose Avenue, Outer Mission, San Francisco, California, 94112, United States",37.71384833660182,-122.4524198
"898 Bosworth St, San Francisco, CA 94131, USA","898, Bosworth Street, Glen Park, San Francisco, California, 94131, United States",37.73388993877551,-122.4365546
"1399 15th St, San Francisco, CA 94103, USA","1399, 15th Street, Mission District, San Francisco, California, 94103, United States",37.766864,-122.415299
"799 Moscow St, San Francisco, CA 94112, USA","799, Moscow Street, Crocker-Amazon, San Francisco, California, 94112, United States",37.715102,-122.432154
"278 Shotwell St, San Francisco, CA 94110, USA","278, Shotwell Street, Mission District, San Francisco, California, 94110, United States",37.76403097959184,-122.4163708
"2599 Divisadero St, San Francisco, CA 94115, USA","2599, Divisadero Street, Pacific Heights, San Francisco, California, 94115, United States",37.793302,-122.441598
"46 Bannock St, San Francisco, CA 94112, USA","46, Bannock Street, Outer Mission, San Francisco, California, 94112, United States",37.7187368,-122.442582
"111 Cayuga Ave, San Francisco, CA 94112, USA","111, Cayuga Avenue, Excelsior, San Francisco, California, 94112, United States",37.731025900000006,-122.4307054
"14 Grove St, San Francisco, CA 94102, USA","14, Grove Street, Civic Center, South of Market, San Francisco, California, 94102, United States",37.778913897959185,-122.4152198
"470 Chenery St, San Francisco, CA 94131, USA","470, Chenery Street, Glen Park, San Francisco, California, 94112, United States",37.73592355,-122.4299761
"1271 Cayuga Ave, San Francisco, CA 94112, USA","1271, Cayuga Avenue, Outer Mission, San Francisco, California, 94112, United States",37.7189678,-122.4433369
"2153 15th St, San Francisco, CA 94114, USA","2153;2152, 15th Street, Duboce Triangle, Mission District, San Francisco, California, 94143, United States",37.765712199999996,-122.4322559
"51 Fillmore St, San Francisco, CA 94117, USA","51, Fillmore Street, Western Addition, San Francisco, California, 94117, United States",37.76981853061225,-122.4300937
"270 McAllister St, San Francisco, CA 94102, USA","McAllister Hotel, 268;270;272, McAllister Street, Civic Center, South of Market, San Francisco, California, 94102, United States",37.7808066,-122.4165244
"151 Valley St, San Francisco, CA 94131, USA","151, Valley Street, Noe Valley, San Francisco, California, 94114, United States",37.74440045,-122.4256057
"11 Athens St, San Francisco, CA 94112, USA","11, Athens Street, St. Mary's Park, San Francisco, California, 94134, United States",37.7277491,-122.4236005
"65 Rousseau St, San Francisco, CA 94112, USA","65, Rousseau Street, St. Mary's Park, San Francisco, California, 94112, United States",37.733603200000005,-122.4301434
"8 Topeka Ave, San Francisco, CA 94124, USA","8, Topeka Avenue, Silver Terrace, Bayview District, San Francisco, California, 94124, United States",37.7350001,-122.4009422
"Market Square, 1355 Market St, San Francisco, CA 94103, USA","Market Square, 1355, Market Street, Civic Center, South of Market, San Francisco, California, 94103, United States",37.77671585,-122.4165832
"554 Moscow St, San Francisco, CA 94112, USA","554, Moscow Street, Excelsior, San Francisco, California, 94112, United States",37.718934149999995,-122.4296703
"25 Whittier St, San Francisco, CA 94112, USA","25, Whittier Street, San Francisco, San Mateo County, California, 94112, United States",37.7100488,-122.447751
"1843 Felton St, San Francisco, CA 94134, USA","1843, Felton Street, Portola, San Francisco, California, 94134, United States",37.72506955,-122.4229904
"1231 Geneva Ave, San Francisco, CA 94112, USA","1231, Geneva Avenue, Crocker-Amazon, San Francisco, California, 94112, United States",37.714108,-122.4356208
"187 Edinburgh St, San Francisco, CA 94112, USA","187, Edinburgh Street, Excelsior, San Francisco, California, 94112, United States",37.726028150000005,-122.4281461
"298 Peru Ave, San Francisco, CA 94112, USA","298, Peru Avenue, St. Mary's Park, San Francisco, California, 94112, United States",37.72745,-122.427489
"38 Addison St, San Francisco, CA 94131, USA","38, Addison Street, Glen Park, San Francisco, California, 94131, United States",37.73792514612864,-122.4303113
"5103 Mission St, San Francisco, CA 94112, USA","5103, Mission Street, Excelsior, San Francisco, California, 94112, United States",37.71707425,-122.4404275
"4083 Mission St, San Francisco, CA 94112, USA","4083, Mission Street, St. Mary's Park, San Francisco, California, 94112, United States",37.73227355,-122.427497
"128 Utah St, San Francisco, CA 94103, USA","128, Utah Street, South of Market, San Francisco, California, 94103, United States",37.76799257142857,-122.4068627
"941 Visitacion Ave, San Francisco, CA 94134, USA","941, Visitacion Avenue, Visitacion Valley, San Francisco, California, 94134, United States",37.71151485,-122.4087444
"100 Larkin St, San Francisco, CA 94102, USA","San Francisco Main Library, 100, Larkin Street, Civic Center, South of Market, San Francisco, California, 94102, United States",37.779196850000005,-122.4157854
"1980 Revere Ave, San Francisco, CA 94124, USA","1980, Revere Avenue, Silver Terrace, Bayview District, San Francisco, California, 94124, United States",37.73584135,-122.3971016
"25 Addison St, San Francisco, CA 94131, USA","25, Addison Street, Glen Park, San Francisco, California, 94131, United States",37.737725413811695,-122.4301253
"48 Miguel St, San Francisco, CA 94131, USA","48, Miguel Street, Glen Park, San Francisco, California, 94131, United States",37.739017768540485,-122.42991
"161 27th St, San Francisco, CA 94110, USA","161, 27th Street, San Francisco, California, 90110, United States",37.7469078,-122.4237452
"2650 Divisadero St, San Francisco, CA 94123, USA","2650, Divisadero Street, Pacific Heights, San Francisco, California, 94123, United States",37.7940951,-122.4414122
"227 Bemis St, San Francisco, CA 94131, USA","227, Bemis Street, Glen Park, San Francisco, California, 94112, United States",37.736261049999996,-122.4316306
"124 Duncan St, San Francisco, CA 94110, USA","124, Duncan Street, Noe Valley, San Francisco, California, 94114, United States",37.74656055,-122.4229938
"401 Excelsior Ave, San Francisco, CA 94112, USA","401, Excelsior Avenue, Excelsior, San Francisco, California, 94112, United States",37.72477755,-122.4302336
"2150 Revere Ave, San Francisco, CA 94124, USA","2150, Revere Avenue, Silver Terrace, Bayview District, San Francisco, California, 94124, United States",37.73767425,-122.4003408
"1690 Folsom St, San Francisco, CA 94103, USA","1690, Folsom Street, Mission District, San Francisco, California, 94103, United States",37.7700188,-122.4161027
"199 Lisbon St, San Francisco, CA 94112, USA","199, Lisbon Street, Excelsior, San Francisco, California, 94112, United States",37.725171,-122.431084
"San Francisco War Memorial and Performing Arts Center, 301 Van Ness Ave, San Francisco, CA 94102, USA",Not Found,37.778614,-122.419876
"99 Avalon Ave, San Francisco, CA 94112, USA","99, Avalon Avenue, Excelsior, San Francisco, California, 94112, United States",37.727445,-122.431847
"1158 Cayuga Ave, San Francisco, CA 94112, USA","1158, Cayuga Avenue, Excelsior, San Francisco, California, 94112, United States",37.720008,-122.441353
"208 Charter Oak Ave, San Francisco, CA 94124, USA","208, Charter Oak Avenue, Silver Terrace, Bayview District, San Francisco, California, 94134, United States",37.7340782,-122.4048009
"852 Chenery St, San Francisco, CA 94131, USA","852, Chenery Street, Glen Park, San Francisco, California, 94131, United States",37.73497256621804,-122.4361929
"756 San Jose Avenue, San Francisco, CA 94110, USA","756, San Jose Avenue, San Francisco, California, 94110, United States",37.74301267346939,-122.4228416
"1537 San Jose Avenue, San Francisco, CA 94112, USA","San Jose Avenue, Outer Mission, San Francisco, California, 94112, United States",37.71384833660182,-122.4524198
"410 Van Ness Ave, San Francisco, CA 94102, USA","410, Van Ness Avenue, Hayes Valley, San Francisco, California, 94102, United States",37.77922085353536,-122.4202712
"14 Alexander Ave, Daly City, CA 94014, USA","14, Alexander Avenue, Top of the Hill, Daly City, San Mateo County, California, 94014, United States",37.70428841591208,-122.4510136
"799 Moscow St, San Francisco, CA 94112, USA","799, Moscow Street, Crocker-Amazon, San Francisco, California, 94112, United States",37.715102,-122.432154
"701 Bayshore Blvd, San Francisco, CA 94124, USA","701;707, Bayshore Boulevard, Silver Terrace, Bayview District, San Francisco, California, 94134, United States",37.73585355,-122.4062279
"2102 Baker St, San Francisco, CA 94115, USA","2102, Baker Street, Anza Vista, Western Addition, San Francisco, California, 94115, United States",37.790475,-122.4442246
"35 Wilder St, San Francisco, CA 94131, USA","35, Wilder Street, Glen Park, San Francisco, California, 94112, United States",37.733885900000004,-122.4329849
"2850 Divisadero St, San Francisco, CA 94123, USA","2850, Divisadero Street, Pacific Heights, San Francisco, California, 94123, United States",37.79605665,-122.4418038
"407 Bosworth St, San Francisco, CA 94112, USA","407, Bosworth Street, St. Mary's Park, San Francisco, California, 94112, United States",37.73313645,-122.4304738
"2334 16th St, San Francisco, CA 94103, USA","2334, 16th Street, Mission District, San Francisco, California, 94103, United States",37.765731285523266,-122.4097724
"2150 Market St, San Francisco, CA 94114, USA","Joe's Barbershop, 2150, Market Street, Duboce Triangle, Mission District, San Francisco, California, 94114, United States",37.7669154,-122.4300354
"869 Schwerin St, Daly City, CA 94014, USA","869, Schwerin Street, Bayshore, Daly City, San Mateo County, California, 94014, United States",37.703167883578246,-122.4145405
"162B Sussex St, San Francisco, CA 94131, USA","Sussex Street, Glen Park, San Francisco, California, 94112, United States",37.736646087238604,-122.43589
"92 Curtis St, San Francisco, CA 94112, USA","92, Curtis Street, Crocker-Amazon, San Francisco, California, 94112, United States",37.713185100000004,-122.4397134
"282 12th St, San Francisco, CA 94103, USA","282, 12th Street, West SoMa, Mission District, San Francisco, California, 94103, United States",37.770992793103446,-122.4154354
"555 San Jose Avenue, San Francisco, CA 94110, USA","555, San Jose Avenue, Mission District, San Francisco, California, 94110, United States",37.746769306122445,-122.4214658
"18 Ney St, San Francisco, CA 94112, USA","18, Ney Street, St. Mary's Park, San Francisco, California, 94134, United States",37.7298394,-122.4296895
"215 Madrid St, San Francisco, CA 94112, USA","215, Madrid Street, Excelsior, San Francisco, California, 94112, United States",37.7259095,-122.4292928
"8 10th St, San Francisco, CA 94103, USA","8, 10th Street, Civic Center, South of Market, San Francisco, California, 94103, United States",37.7761599,-122.4172795
"429 Laidley St, San Francisco, CA 94131, USA","429, Laidley Street, Glen Park, San Francisco, California, 94112, United States",37.7365648,-122.4298575
"65 Oneida Ave, San Francisco, CA 94112, USA","65, Oneida Avenue, Excelsior, San Francisco, California, 94112, United States",37.7205164,-122.4399109
"476 Chenery St, San Francisco, CA 94131, USA","476;478, Chenery Street, Glen Park, San Francisco, California, 94112, United States",37.73591425,-122.4301036
"148 Sussex St, San Francisco, CA 94131, USA","148, Sussex Street, Glen Park, San Francisco, California, 94112, United States",37.73689855,-122.435653
"1498 Stevenson St, San Francisco, CA 94103, USA","1498, Stevenson Street, Mission District, San Francisco, California, 94103, United States",37.768307,-122.42148
"2900 Geneva Ave, Daly City, CA 94014, USA","2900, Geneva Avenue, Bayshore, Daly City, San Mateo County, California, 94014, United States",37.70651,-122.413968
"2990 Geneva Ave, Daly City, CA 94014, USA","2990, Geneva Avenue, Bayshore, Daly City, San Mateo County, California, 94014, United States",37.70636618309591,-122.4134493
"324 Larkin St, San Francisco, CA 94102, USA","Gilbert Baker Rainbow Flag Apartments, 324, Larkin Street, Civic Center, San Francisco, California, 94102, United States",37.78095515,-122.4168098
"106 Sanchez St, San Francisco, CA 94114, USA","106, Sanchez Street, Duboce Triangle, Mission District, San Francisco, California, 94143, United States",37.7673742,-122.4314079
"731 Sweeny St, San Francisco, CA 94134, USA","731, Sweeny Street, Silver Terrace, Bayview District, San Francisco, California, 94134, United States",37.730258811630456,-122.4182465
"454 Mangels Ave, San Francisco, CA 94127, USA","454, Mangels Avenue, Glen Park, San Francisco, California, 94112, United States",37.733254849999994,-122.4478849
"177 Topeka Ave, San Francisco, CA 94124, USA","177, Topeka Avenue, Silver Terrace, Bayview District, San Francisco, California, 94124, United States",37.733587150000005,-122.3980694
"254 Oriente St, Daly City, CA 94014, USA","254, Oriente Street, Bayshore, Daly City, San Mateo County, California, 94014, United States",37.70393001984357,-122.415387
"736 Foerster St, San Francisco, CA 94127, USA","736, Foerster Street, Sunnyside, San Francisco, California, 94127, United States",37.734700661920826,-122.4494573
"1625 Folsom St, San Francisco, CA 94103, USA","1625;1627;1629, Folsom Street, Hayes Valley, Mission District, San Francisco, California, 94103, United States",37.77043415,-122.4149905
"2099 Alemany Blvd, San Francisco, CA 94112, USA","2099, Alemany Boulevard, Excelsior, San Francisco, California, 94112, United States",37.718626,-122.441088
"13th St, San Francisco, CA 94103, USA","13th Street, Mission District, San Francisco, California, 94103, United States",37.7695573,-122.412632
"572 Brunswick St, San Francisco, CA 94112, USA","572, Brunswick Street, Crocker-Amazon, San Francisco, California, 94112, United States",37.71018065,-122.4449736
"165 Bertita St, San Francisco, CA 94112, USA","165, Bertita Street, Excelsior, San Francisco, California, 94112, United States",37.71860585,-122.440237
"630 Duboce Ave, San Francisco, CA 94117, USA","630, Duboce Avenue, Western Addition, San Francisco, California, 94117, United States",37.769238,-122.4340432
"660 San Jose Avenue, San Francisco, CA 94110, USA","660, San Jose Avenue, San Francisco, California, 94110, United States",37.74536547726019,-122.4221762
"38 Lippard Ave, San Francisco, CA 94131, USA","38, Lippard Avenue, Glen Park, San Francisco, California, 94112, United States",37.7352858,-122.4356872
"2900 Jackson St, San Francisco, CA 94115, USA","2900;2902, Jackson Street, Pacific Heights, San Francisco, California, 94115, United States",37.79160745,-122.4430479
"74 Belcher St, San Francisco, CA 94114, USA","74;76;78, Belcher Street, Duboce Triangle, Mission District, San Francisco, California, 94143, United States",37.768054449999994,-122.4303502
"299 Shotwell St, San Francisco, CA 94110, USA","299, Shotwell Street, Mission District, San Francisco, California, 94110, United States",37.763765,-122.416136
"1394 Harrison St, San Francisco, CA 94103, USA","10th Street Car Wash, 1394, Harrison Street, West SoMa, South of Market, San Francisco, California, 94103, United States",37.77191995,-122.4112922
"1580 Geneva Ave, San Francisco, CA 94112, USA","1580, Geneva Avenue, Crocker-Amazon, San Francisco, California, 94112, United States",37.71226756961665,-122.4301311
"248 Harvard St, San Francisco, CA 94134, USA","248, Harvard Street, St. Mary's Park, San Francisco, California, 94134, United States",37.7264205,-122.420829
"244 Lowell St, San Francisco, CA 94112, USA","244, Lowell Street, Outer Mission, San Francisco, California, 94112, United States",37.709114,-122.445239
"2599 Scott St, San Francisco, CA 94115, USA","2599, Scott Street, Lower Pacific Heights, Western Addition, San Francisco, California, 94115, United States",37.793513,-122.439931
"204 Sussex St, San Francisco, CA 94131, USA","204, Sussex Street, Glen Park, San Francisco, California, 94112, United States",37.736567199999996,-122.4366481
"543 Foerster St, San Francisco, CA 94127, USA","543, Foerster Street, Sunnyside, San Francisco, California, 94112, United States",37.7329618,-122.4491018
"455 Raymond Ave, San Francisco, CA 94134, USA","455, Raymond Avenue, Visitacion Valley, San Francisco, California, 94134, United States",37.71456895,-122.4126593
"1599 Geneva Ave, San Francisco, CA 94112, USA","1599, Geneva Avenue, Crocker-Amazon, San Francisco, California, 94134, United States",37.712122978034365,-122.4294488
"282 Oliver St, Daly City, CA 94014, USA","282, Oliver Street, Daly City, San Mateo County, California, 94014, United States",37.706345,-122.448888
"Treat St, San Francisco, CA 94103, USA","Ruth’s at Treat Street, 3050, 24th Street, Mission District, San Francisco, California, 90110, United States",37.7526938,-122.4131711
"2510 Green St, San Francisco, CA 94123, USA","2510, Green Street, Cow Hollow, San Francisco, California, 94123, United States",37.795695699999996,-122.4408362
"55 9th St, San Francisco, CA 94103, USA","AVA, 55, 9th Street, Civic Center, South of Market, San Francisco, California, 94103, United States",37.7772193,-122.4150913
"724 Templeton Ave, Daly City, CA 94014, USA","724, Templeton Avenue, Daly City, San Mateo County, California, 94014, United States",37.70365349531569,-122.4506611
"98 W View Ave, San Francisco, CA 94134, USA","98, West View Avenue, St. Mary's Park, San Francisco, California, 94134, United States",37.73094,-122.417415
"201 Larkin St, San Francisco, CA 94102, USA","201, Larkin Street, Civic Center, South of Market, San Francisco, California, 94109, United States",37.779449,-122.416846
"459 McAllister St, San Francisco, CA 94102, USA","459, McAllister Street, Civic Center, San Francisco, California, 94102, United States",37.78007525,-122.4194695
"394 Teddy Ave, San Francisco, CA 94134, USA","394, Teddy Avenue, Visitacion Valley, San Francisco, California, 94134, United States",37.71583205,-122.4105764
"762 Morse St, San Francisco, CA 94112, USA","762, Morse Street, Outer Mission, San Francisco, California, 94112, United States",37.710659511321545,-122.4475351
"98 Grove St, San Francisco, CA 94102, USA","98, Grove Street, Civic Center, South of Market, San Francisco, California, 94102, United States",37.77884318367347,-122.4157782
"147 28th St, San Francisco, CA 94131, USA","147, 28th Street, Noe Valley, San Francisco, California, 94114, United States",37.7451912,-122.4256665
"224 Acadia St, San Francisco, CA 94131, USA","224, Acadia Street, Glen Park, San Francisco, California, 94112, United States",37.7327818,-122.4372413
"2926 16th St, San Francisco, CA 94103, USA","Wonderdog Rescue, 2926, 16th Street, Mission District, San Francisco, California, 90110, United States",37.7653252,-122.41806
"1001 Brannan St, San Francisco, CA 94103, USA","Fitness SF SOMA, 1001, Brannan Street, South of Market, San Francisco, California, 90103, United States",37.769751049999996,-122.4070165
"320 Melrose Ave, San Francisco, CA 94127, USA","320, Melrose Avenue, Westwood Park, San Francisco, California, 94112, United States",37.7339714,-122.4495634
"318 Gambier St, San Francisco, CA 94134, USA","318, Gambier Street, St. Mary's Park, San Francisco, California, 94134, United States",37.725289000000004,-122.4215008
"702 Acton St, Daly City, CA 94014, USA","702, Acton Street, Daly City, San Mateo County, California, 94014, United States",37.70391916803322,-122.4494997
"799 Bayshore Blvd, San Francisco, CA 94124, USA","799, Bayshore Boulevard, Silver Terrace, Bayview District, San Francisco, California, 94124, United States",37.735564,-122.40635
"104 Charter Oak Ave, San Francisco, CA 94124, USA","104, Charter Oak Avenue, Silver Terrace, Bayview District, San Francisco, California, 94124, United States",37.736218300000004,-122.4050232
"601 Duboce Ave, San Francisco, CA 94117, USA","601, Duboce Avenue, Western Addition, San Francisco, California, 94143, United States",37.76866605,-122.4346003
"98 W View Ave, San Francisco, CA 94134, USA","98, West View Avenue, St. Mary's Park, San Francisco, California, 94134, United States",37.73094,-122.417415
"1945 Lyon St, San Francisco, CA 94115, USA","1945;1947;1949;1951;1953;1955, Lyon Street, Anza Vista, Western Addition, San Francisco, California, 94115, United States",37.7889662,-122.4459698
"3227 Sacramento St, San Francisco, CA 94115, USA","3225;3227, Sacramento Street, Pacific Heights, San Francisco, California, 94115, United States",37.78812325,-122.446061
"141 Morse St, San Francisco, CA 94112, USA","141, Morse Street, Crocker-Amazon, San Francisco, California, 94112, United States",37.71287185,-122.4391666
"124 Accacia St, Daly City, CA 94014, USA","124, Accacia Street, Bayshore, Daly City, San Mateo County, California, 94014, United States",37.70639954605758,-122.4152444
"869 Schwerin St, Daly City, CA 94014, USA","869, Schwerin Street, Bayshore, Daly City, San Mateo County, California, 94014, United States",37.703167883578246,-122.4145405
"122 Paris St, San Francisco, CA 94112, USA","122, Paris Street, Excelsior, San Francisco, California, 94112, United States",37.726759349999995,-122.431435
"51 Tulane St, San Francisco, CA 94134, USA","51, Tulane Street, St. Mary's Park, San Francisco, California, 94134, United States",37.729376450000004,-122.4170984
"522 Moscow St, San Francisco, CA 94112, USA","522, Moscow Street, Excelsior, San Francisco, California, 94112, United States",37.7194638,-122.4292686
"65 Cordova St, San Francisco, CA 94112, USA","65, Cordova Street, Crocker-Amazon, San Francisco, California, 94112, United States",37.712448949999995,-122.4356844
"3045 Jackson St, San Francisco, CA 94115, USA","3045, Jackson Street, Pacific Heights, San Francisco, California, 94115, United States",37.790872500000006,-122.4451671
"300 Laidley St, San Francisco, CA 94131, USA","300, Laidley Street, Glen Park, San Francisco, California, 94131, United States",37.737729,-122.428442
"2200 Alemany Blvd, San Francisco, CA 94112, USA","Alemany Boulevard, Ocean View, San Francisco, California, 94112, United States",37.71044305,-122.4548794
"248 Utah St, San Francisco, CA 94103, USA","248, Utah Street, Mission District, San Francisco, California, 94103, United States",37.76649675510204,-122.4067195
"91 Pope St, San Francisco, CA 94112, USA","91, Pope Street, Crocker-Amazon, San Francisco, California, 94112, United States",37.7141545,-122.4406194
"755 Burnett Ave, San Francisco, CA 94131, USA","755, Burnett Avenue, Midtown Terrace, San Francisco, California, 94131, United States",37.7503563,-122.4454889
"1201 Bryant St, San Francisco, CA 94103, USA","Cruise, 1201, Bryant Street, Mission District, San Francisco, California, 94103, United States",37.77001935,-122.4097576
"2345 Filbert St, San Francisco, CA 94123, USA","2345, Filbert Street, Cow Hollow, San Francisco, California, 94123, United States",37.79746865,-122.4379501
"3118 Washington St, San Francisco, CA 94115, USA","3116;3118, Washington Street, Presidio Terrace, Richmond District, San Francisco, California, 94118, United States",37.7904726,-122.4447786
"491 Moscow St, San Francisco, CA 94112, USA","491, Moscow Street, Excelsior, San Francisco, California, 94134, United States",37.719773700000005,-122.4284872
"101, San Francisco, CA 94103, USA","101, San Francisco, California, United States",37.76297715,-122.4375719
"264 Oriente St, Daly City, CA 94014, USA","264, Oriente Street, Bayshore, Daly City, San Mateo County, California, 94014, United States",37.70377539048214,-122.4154557
"199 Van Ness Ave, San Francisco, CA 94102, USA","199, Van Ness Avenue, Hayes Valley, San Francisco, California, 94102, United States",37.777154,-122.419838
"474 Bellevue Ave, Daly City, CA 94014, USA","474, Bellevue Avenue, Daly City, San Mateo County, California, 94014, United States",37.70533646995864,-122.4502629
"122 Rousseau St, San Francisco, CA 94112, USA","122, Rousseau Street, St. Mary's Park, San Francisco, California, 94112, United States",37.732755350000005,-122.4304253
"302 Potrero Ave, San Francisco, CA 94110, USA","McDonald's, 302, Potrero Avenue, Mission District, San Francisco, California, 94103, United States",37.765413,-122.4079344
"715 Geneva Ave, San Francisco, CA 94112, USA","715, Geneva Avenue, Outer Mission, San Francisco, California, 94112, United States",37.7188313,-122.4432263
"759 14th St, San Francisco, CA 94114, USA","759;761;763, 14th Street, Duboce Triangle, Mission District, San Francisco, California, 94143, United States",37.76751765,-122.4303158
"98 Elliot St, San Francisco, CA 94134, USA","Elliot Street, Visitacion Valley, San Francisco, California, 94134, United States",37.7140437,-122.4114722
"34 Walter St, San Francisco, CA 94114, USA","34;36, Walter Street, Western Addition, San Francisco, California, 94143, United States",37.768571,-122.4326551
"198 Amazon Ave, San Francisco, CA 94112, USA","198, Amazon Avenue, Excelsior, San Francisco, California, 94112, United States",37.71661,-122.438943
"5025 Mission St, San Francisco, CA 94112, USA","5025, Mission Street, Excelsior, San Francisco, California, 94112, United States",37.7178215,-122.4396205
"133 London St, San Francisco, CA 94112, USA","133, London Street, Excelsior, San Francisco, California, 94112, United States",37.7267828,-122.4319817
"3189 17th St, San Francisco, CA 94110, USA","3189, 17th Street, Mission District, San Francisco, California, 94110, United States",37.76350703571429,-122.4170272
"319 Avalon Ave, San Francisco, CA 94112, USA","319, Avalon Avenue, Excelsior, San Francisco, California, 94112, United States",37.72660745,-122.429635
"80 Sanchez St, San Francisco, CA 94114, USA","78;80, Sanchez Street, Western Addition, San Francisco, California, 94143, United States",37.768012049999996,-122.4315105
"233 Richland Ave, San Francisco, CA 94110, USA","233, Richland Avenue, Bernal Heights, San Francisco, California, 94134, United States",37.7360566,-122.4222128
"125 Rousseau St, San Francisco, CA 94112, USA","125, Rousseau Street, St. Mary's Park, San Francisco, California, 94112, United States",37.732803399999995,-122.4299951
"140 14th St, San Francisco, CA 94103, USA","140, 14th Street, Mission District, San Francisco, California, 94103, United States",37.768562,-122.41656
"842 Lisbon St, San Francisco, CA 94112, USA","842, Lisbon Street, Excelsior, San Francisco, California, 94112, United States",37.71585305000001,-122.4385116
"2374 16th St, San Francisco, CA 94103, USA","2374, 16th Street, Mission District, San Francisco, California, 94103, United States",37.76570985707123,-122.4101271
"154 Cuvier St, San Francisco, CA 94112, USA","154, Cuvier Street, St. Mary's Park, San Francisco, California, 94112, United States",37.73247475,-122.4286029
"889 Schwerin St, Daly City, CA 94014, USA","889, Schwerin Street, Bayshore, Daly City, San Mateo County, California, 94014, United States",37.702955,-122.414635
"398 Bellevue Ave, Daly City, CA 94014, USA","398, Bellevue Avenue, Daly City, San Mateo County, California, 94014, United States",37.705968,-122.448402
"1390 Market St, San Francisco, CA 94102, USA","Fox Plaza, 1390, Market Street, Civic Center, South of Market, San Francisco, California, 94102, United States",37.77720675,-122.4176952
"26 Mercury St, San Francisco, CA 94124, USA","26, Mercury Street, Silver Terrace, Bayview District, San Francisco, California, 94134, United States",37.732181499999996,-122.4019045
"451 Bellevue Ave, Daly City, CA 94014, USA","451, Bellevue Avenue, Daly City, San Mateo County, California, 94014, United States",37.70537426994646,-122.4496109
"1142 Munich St, San Francisco, CA 94112, USA","1142, Munich Street, Crocker-Amazon, San Francisco, California, 94112, United States",37.71093665,-122.4366248
"333 Melrose Ave, San Francisco, CA 94127, USA","333, Melrose Avenue, Westwood Park, San Francisco, California, 94127, United States",37.73372260714286,-122.4501329
"1658 Valencia St, San Francisco, CA 94110, USA","1658, Valencia Street, San Francisco, California, 94110, United States",37.74589008163265,-122.4201699
"275 Perry St, San Francisco, CA 94107, USA","Perry Street, South Beach, South of Market, San Francisco, California, 94107, United States",37.78037245,-122.3990923
"685 Twin Peaks Blvd, San Francisco, CA 94131, USA","685, Twin Peaks Boulevard, Midtown Terrace, San Francisco, California, 94131, United States",37.751156769154534,-122.448721
"50 Alberta St, San Francisco, CA 94134, USA","50, Alberta Street, Visitacion Valley, San Francisco, California, 94134, United States",37.7164985,-122.409963
"405 Allison St, San Francisco, CA 94112, USA","405, Allison Street, Crocker-Amazon, San Francisco, California, 94112, United States",37.70984726530612,-122.4404421
"656 Hanover St, Daly City, CA 94014, USA","656, Hanover Street, Top of the Hill, Daly City, San Mateo County, California, 94014, United States",37.70676140230154,-122.4504461
"555 9th St, San Francisco, CA 94103, USA","Trader Joe's, 555, 9th Street, West SoMa, South of Market, San Francisco, California, 94103, United States",37.7709988,-122.4077368
"4199 Mission St, San Francisco, CA 94112, USA","4199, Mission Street, St. Mary's Park, San Francisco, California, 94112, United States",37.729999,-122.429829
"2103 Revere Ave, San Francisco, CA 94124, USA","2103, Revere Avenue, Silver Terrace, Bayview District, San Francisco, California, 94124, United States",37.73698771428572,-122.399724
"346 Potrero Ave, San Francisco, CA 94103, USA","346, Potrero Avenue, Mission District, San Francisco, California, 94103, United States",37.765161612244896,-122.4075833
"698 Bayshore Blvd, San Francisco, CA 94124, USA","698, Bayshore Boulevard, Silver Terrace, Bayview District, San Francisco, California, 94124, United States",37.736418481393095,-122.4065556
"2075 Folsom St, San Francisco, CA 94110, USA","2075, Folsom Street, Mission District, San Francisco, California, 90110, United States",37.764183349999996,-122.414846
"134 Milton St, San Francisco, CA 94112, USA","134, Milton Street, St. Mary's Park, San Francisco, California, 94112, United States",37.73271455,-122.4295023
"2351 16th St, San Francisco, CA 94103, USA","2351, 16th Street, Mission District, San Francisco, California, 94103, United States",37.76555871414245,-122.4098983
"827 14th St, San Francisco, CA 94114, USA","827;827A;829;829A, 14th Street, Duboce Triangle, Mission District, San Francisco, California, 94143, United States",37.767430149999996,-122.4319153
"450 Raymond Ave, San Francisco, CA 94134, USA","450, Raymond Avenue, Visitacion Valley, San Francisco, California, 94134, United States",37.71476051020408,-122.4124453
"2600 Green St, San Francisco, CA 94123, USA","2600, Green Street, Cow Hollow, San Francisco, California, 94123, United States",37.795509100000004,-122.4421546
"399 2nd St, San Francisco, CA 94107, USA","399, 2nd Street, Transbay, South of Market, San Francisco, California, 94107, United States",37.785043,-122.395932
"348 Frankfort St, Daly City, CA 94014, USA","348, Frankfort Street, Daly City, San Mateo County, California, 94014, United States",37.704916446447584,-122.4487381
"30 Roanoke St, San Francisco, CA 94131, USA","30, Roanoke Street, Glen Park, San Francisco, California, 94112, United States",37.736090450000006,-122.4309868
"430 Arlington St, San Francisco, CA 94131, USA","430, Arlington Street, Glen Park, San Francisco, California, 94112, United States",37.73570205,-122.4289825
"512 Ellington Ave, San Francisco, CA 94112, USA","512, Ellington Avenue, Outer Mission, San Francisco, California, 94112, United States",37.7110265,-122.4484966
"2300 16th St, San Francisco, CA 94103, USA","Jamba, 2300, 16th Street, Mission District, San Francisco, California, 94103, United States",37.7665115,-122.4087
"979 Teresita Blvd, San Francisco, CA 94127, USA","979, Teresita Boulevard, Sunnyside, San Francisco, California, 94112, United States",37.734152800000004,-122.4482323
"2077 Thomas Ave, San Francisco, CA 94124, USA","2077, Thomas Avenue, Silver Terrace, Bayview District, San Francisco, California, 94124, United States",37.7351425,-122.400069
"63 Edinburgh St, San Francisco, CA 94112, USA","63, Edinburgh Street, Excelsior, San Francisco, California, 94112, United States",37.72759275,-122.4269679
"2012 Baker St, San Francisco, CA 94115, USA","2012, Baker Street, Anza Vista, Western Addition, San Francisco, California, 94115, United States",37.78987885,-122.4439977
"145 Guerrero St, San Francisco, CA 94103, USA","145, Guerrero Street, Duboce Triangle, Mission District, San Francisco, California, 94103, United States",37.769508333333334,-122.4244173
"1973 Folsom St, San Francisco, CA 94103, USA","1973, Folsom Street, Mission District, San Francisco, California, 94103, United States",37.765809061224495,-122.4152508
"173 Potrero Ave, San Francisco, CA 94103, USA","173, Potrero Avenue, Mission District, San Francisco, California, 94103, United States",37.76748420408163,-122.4076213
"570 Mangels Ave, San Francisco, CA 94127, USA","570, Mangels Avenue, Glen Park, San Francisco, California, 94112, United States",37.733259450000006,-122.4505166
"854 Sunnydale Ave, San Francisco, CA 94134, USA","854, Sunnydale Avenue, Visitacion Valley, San Francisco, California, 94134, United States",37.71031506122449,-122.4100068
"474 Mangels Ave, San Francisco, CA 94127, USA","474, Mangels Avenue, Glen Park, San Francisco, California, 94112, United States",37.73324959999999,-122.4483217
"7 Santa Fe Ave, San Francisco, CA 94124, USA","7, Santa Fe Avenue, Silver Terrace, Bayview District, San Francisco, California, 94124, United States",37.73481955,-122.4012347
"400 Avalon Ave, San Francisco, CA 94112, USA","400, Avalon Avenue, Excelsior, San Francisco, California, 94112, United States",37.726080800000005,-122.4292435
"74 Waterville St, San Francisco, CA 94124, USA","74, Waterville Street, Silver Terrace, Bayview District, San Francisco, California, 94124, United States",37.7350345,-122.4029527
"3224 Mission St, San Francisco, CA 94110, USA","3224;3226, Mission Street, Bernal Heights, San Francisco, California, 90110, United States",37.7451937,-122.4204594
"2012 16th St, San Francisco, CA 94103, USA","2012, 16th Street, Mission District, San Francisco, California, 94103, United States",37.76590997959184,-122.4067982
"30 Bemis St, San Francisco, CA 94131, USA","30, Bemis Street, Glen Park, San Francisco, California, 94131, United States",37.73821041929208,-122.4290663
"63 Woodward St, San Francisco, CA 94103, USA","63, Woodward Street, Mission District, San Francisco, California, 94103, United States",37.76888618367347,-122.4207361
"77 Shotwell St, San Francisco, CA 94103, USA","77, Shotwell Street, Mission District, San Francisco, California, 94103, United States",37.76730395918368,-122.4164879
"899 Moscow St, San Francisco, CA 94112, USA","899, Moscow Street, Crocker-Amazon, San Francisco, California, 94112, United States",37.71377326262626,-122.4331357
"2351 16th St, San Francisco, CA 94103, USA","2351, 16th Street, Mission District, San Francisco, California, 94103, United States",37.76555871414245,-122.4098983
"2199 Silver Ave, San Francisco, CA 94124, USA","2199, Silver Avenue, Silver Terrace, Bayview District, San Francisco, California, 94124, United States",37.73644,-122.398743
"3250 Mission St, San Francisco, CA 94110, USA","3250, Mission Street, Bernal Heights, San Francisco, California, 94110, United States",37.74462675609756,-122.420629
"255 12th St, San Francisco, CA 94103, USA","255, 12th Street, West SoMa, Mission District, San Francisco, California, 94103, United States",37.7715635,-122.4154969
"359 Dore St, San Francisco, CA 94103, USA","359, Dore Street, West SoMa, South of Market, San Francisco, California, 94103, United States",37.770496397959185,-122.4088746
"825 Lisbon St, San Francisco, CA 94112, USA","825, Lisbon Street, Excelsior, San Francisco, California, 94112, United States",37.71591305,-122.4379407
"163 London St, San Francisco, CA 94112, USA","163, London Street, Excelsior, San Francisco, California, 94112, United States",37.72638546938776,-122.4323464
"2198 Market St, San Francisco, CA 94114, USA","2198, Market Street, Duboce Triangle, Mission District, San Francisco, California, 94114, United States",37.76577207142857,-122.430819
"411 Athens St, San Francisco, CA 94112, USA","411, Athens Street, Excelsior, San Francisco, California, 94112, United States",37.7213439,-122.4284273
"233 Bellevue Ave, Daly City, CA 94014, USA","233, Bellevue Avenue, Daly City, San Mateo County, California, 94014, United States",37.70698736734694,-122.4448779
"498 Golden Gate Ave, San Francisco, CA 94102, USA","498, Golden Gate Avenue, Civic Center, San Francisco, California, 94102, United States",37.781337,-122.418671
"810 Silver Ave, San Francisco, CA 94134, USA","810, Silver Avenue, Silver Terrace, Bayview District, San Francisco, California, 94134, United States",37.728917897959185,-122.4181612
"33 Addison St, San Francisco, CA 94131, USA","33, Addison Street, Glen Park, San Francisco, California, 94131, United States",37.737752075222566,-122.4302819
"4100 Mission St, San Francisco, CA 94112, USA","4100, Mission Street, St. Mary's Park, San Francisco, California, 94112, United States",37.731129,-122.429051
"2653 Union St, San Francisco, CA 94123, USA","2653, Union Street, Cow Hollow, San Francisco, California, 94123, United States",37.79605567346939,-122.4429508
"1599 Bryant St, San Francisco, CA 94103, USA","1599, Bryant Street, Mission District, San Francisco, California, 94103, United States",37.767032,-122.410518
"3274 Sacramento St, San Francisco, CA 94115, USA","3268;3274;3278, Sacramento Street, Pacific Heights, San Francisco, California, 94115, United States",37.78846,-122.4465902
"599 Hanover St, Daly City, CA 94014, USA","599, Hanover Street, Top of the Hill, Daly City, San Mateo County, California, 94014, United States",37.707075,-122.449
"112 Roscoe St, San Francisco, CA 94110, USA","112, Roscoe Street, Bernal Heights, San Francisco, California, 94110, United States",37.73383791836734,-122.418937
"3127 Jackson St, San Francisco, CA 94115, USA","3125;3127, Jackson Street, Pacific Heights, San Francisco, California, 94115, United States",37.79070745,-122.4465876
"159 Tiffany Ave, San Francisco, CA 94110, USA","159, Tiffany Avenue, San Francisco, California, 94110, United States",37.74451443434344,-122.4215154
"1850 Baker St, San Francisco, CA 94115, USA","1824;1848;1850, Baker Street, Anza Vista, Western Addition, San Francisco, California, 94115, United States",37.78812955,-122.4435791
"1700 Silver Ave, San Francisco, CA 94124, USA","1700, Silver Avenue, Silver Terrace, Bayview District, San Francisco, California, 94124, United States",37.733677,-122.403323
"180 Bemis St, San Francisco, CA 94131, USA","180, Bemis Street, Glen Park, San Francisco, California, 94131, United States",37.736911649999996,-122.4310617
"518 Bellevue Ave, Daly City, CA 94014, USA","518, Bellevue Avenue, Top of the Hill, Daly City, San Mateo County, California, 94014, United States",37.70477422,-122.4516952
"906 Persia Ave, San Francisco, CA 94112, USA","906, Persia Avenue, Excelsior, San Francisco, California, 94112, United States",37.7194442,-122.4287368
"2280 San Bruno Ave, San Francisco, CA 94134, USA","San Bruno Avenue, Little Hollywood, San Francisco, California, 94134, United States",37.71891583534695,-122.4003743
"2909 Jackson St, San Francisco, CA 94115, USA","2907;2909;2911, Jackson Street, Pacific Heights, San Francisco, California, 94115, United States",37.7912099,-122.4431182
"325 Laidley St, San Francisco, CA 94131, USA","325, Laidley Street, Glen Park, San Francisco, California, 94112, United States",37.73740705,-122.4285611
"3065 Clay St, San Francisco, CA 94115, USA","3065, Clay Street, Jordan Park, Richmond District, San Francisco, California, 94115, United States",37.78945293877551,-122.4434858
"3294 Clay St, San Francisco, CA 94115, USA","3294, Clay Street, Jordan Park, Richmond District, San Francisco, California, 94118, United States",37.789232850000005,-122.4469284
"99 Conkling St, San Francisco, CA 94124, USA","99, Conkling Street, Silver Terrace, Bayview District, San Francisco, California, 94124, United States",37.734857,-122.401717
"390 9th St, San Francisco, CA 94103, USA","390, 9th Street, West SoMa, South of Market, San Francisco, California, 94103, United States",37.77252455,-122.4105187
"2736 16th St, San Francisco, CA 94103, USA","2736, 16th Street, Mission District, San Francisco, California, 94103, United States",37.76547866823414,-122.4139634
"2351 16th St, San Francisco, CA 94103, USA","2351, 16th Street, Mission District, San Francisco, California, 94103, United States",37.76555871414245,-122.4098983
"44 Potrero Ave, San Francisco, CA 94103, USA","44, Potrero Avenue, South of Market, San Francisco, California, 94103, United States",37.768570312499996,-122.4079312
"305 Shotwell St, San Francisco, CA 94110, USA","305, Shotwell Street, Mission District, San Francisco, California, 94110, United States",37.76346269387755,-122.4161069
"272 Oxford St, San Francisco, CA 94134, USA","272, Oxford Street, St. Mary's Park, San Francisco, California, 94134, United States",37.72642845,-122.419741
"644 Persia Ave, San Francisco, CA 94112, USA","Snack & Bottle Shop, 644, Persia Avenue, Excelsior, San Francisco, California, 94112, United States",37.7204367,-122.4306351
"111 28th St, San Francisco, CA 94131, USA","111, 28th Street, Noe Valley, San Francisco, California, 94114, United States",37.7452404,-122.4252236
"66 Potrero Ave, San Francisco, CA 94103, USA","66, Potrero Avenue, South of Market, San Francisco, California, 90103, United States",37.7685002,-122.4083383
"96 S Hill Blvd, San Francisco, CA 94112, USA","96, South Hill Boulevard, Crocker-Amazon, San Francisco, California, 94112, United States",37.710601249999996,-122.4316577
"808 Persia Ave, San Francisco, CA 94112, USA","808, Persia Avenue, Excelsior, San Francisco, California, 94112, United States",37.71982605,-122.4295422
"1545 San Jose Avenue, San Francisco, CA 94112, USA","San Jose Avenue, Outer Mission, San Francisco, California, 94112, United States",37.71384833660182,-122.4524198
"2351 16th St, San Francisco, CA 94103, USA","2351, 16th Street, Mission District, San Francisco, California, 94103, United States",37.76555871414245,-122.4098983
"1422 Market St, San Francisco, CA 94102, USA","Littlejohn's Candies, 1422, Market Street, Civic Center, San Francisco, California, 94102, United States",37.7761763,-122.4183419
"248 Utah St, San Francisco, CA 94103, USA","248, Utah Street, Mission District, San Francisco, California, 94103, United States",37.76649675510204,-122.4067195
"112 28th St, San Francisco, CA 94131, USA","112;114, 28th Street, Noe Valley, San Francisco, California, 94114, United States",37.7455989,-122.4251682
"147 Rio Verde St, Daly City, CA 94014, USA","147, Rio Verde Street, Bayshore, Daly City, San Mateo County, California, 94014, United States",37.70623549370556,-122.4160497
"150 Hampshire St, San Francisco, CA 94103, USA","150, Hampshire Street, Mission District, San Francisco, California, 94103, United States",37.76804704081633,-122.4088288
"899 Bayshore Blvd, San Francisco, CA 94124, USA","899, Bayshore Boulevard, Silver Terrace, Bayview District, San Francisco, California, 94124, United States",37.73218035501178,-122.4041446
"50 Alberta St, San Francisco, CA 94134, USA","50, Alberta Street, Visitacion Valley, San Francisco, California, 94134, United States",37.7164985,-122.409963
"394 Laidley St, San Francisco, CA 94131, USA","394, Laidley Street, Glen Park, San Francisco, California, 94112, United States",37.737149,-122.4294715
"20 Mangels Ave, San Francisco, CA 94131, USA","20, Mangels Avenue, Glen Park, San Francisco, California, 94112, United States",37.733220599999996,-122.4382579
"600 Templeton Ave, Daly City, CA 94014, USA","600, Templeton Avenue, Daly City, San Mateo County, California, 94014, United States",37.70475,-122.451214
"1798 Visitacion Ave, San Francisco, CA 94134, USA","Visitacion Avenue, Visitacion Valley, San Francisco, California, 94134, United States",37.71691629,-122.4121161
"98 Everson St, San Francisco, CA 94131, USA","98, Everson Street, Glen Park, San Francisco, California, 94131, United States",37.738469,-122.43112
"2116 Lyon St, San Francisco, CA 94115, USA","2116, Lyon Street, Anza Vista, Western Addition, San Francisco, California, 94115, United States",37.7905718,-122.4457935
"1699 Howard St, San Francisco, CA 94103, USA","1699, Howard Street, Hayes Valley, Mission District, San Francisco, California, 94103, United States",37.7702054,-122.4173063
"238 Bellevue Ave, Daly City, CA 94014, USA","238, Bellevue Avenue, Daly City, San Mateo County, California, 94014, United States",37.70709906122449,-122.4450751
"141 Hampshire St, San Francisco, CA 94103, USA","141, Hampshire Street, Mission District, San Francisco, California, 94103, United States",37.768069173469385,-122.4088305
"560 Vienna St, San Francisco, CA 94112, USA","560, Vienna Street, Excelsior, San Francisco, California, 94112, United States",37.7196352,-122.4313003
"699 Bayshore Blvd, San Francisco, CA 94124, USA","699, Bayshore Boulevard, Silver Terrace, Bayview District, San Francisco, California, 94124, United States",37.736406,-122.406563
"26 Athens St, San Francisco, CA 94112, USA","26, Athens Street, St. Mary's Park, San Francisco, California, 94134, United States",37.7277354,-122.4240816
"39 Risel Ave, Daly City, CA 94014, USA","39, Risel Avenue, Daly City, San Mateo County, California, 94014, United States",37.70611709392576,-122.4496866
"2148 15th St, San Francisco, CA 94114, USA","2148;2146, 15th Street, Duboce Triangle, Mission District, San Francisco, California, 94143, United States",37.766155350000005,-122.4321417
"210 Alemany Blvd, San Francisco, CA 94134, USA","210, Alemany Boulevard, San Francisco, California, 94110, United States",37.736459826456574,-122.4091102
"27 Cayuga Ave, San Francisco, CA 94112, USA","27, Cayuga Avenue, Excelsior, San Francisco, California, 94112, United States",37.731526200000005,-122.4290392
"266 Hayes St, San Francisco, CA 94102, USA","Hayes Street, Civic Center, San Francisco, California, 94102, United States",37.77741667573168,-122.4188364
"1665 Folsom St, San Francisco, CA 94103, USA","Cathead's BBQ, 1665, Folsom Street, Hayes Valley, Mission District, San Francisco, California, 94103, United States",37.7700737,-122.4151599
"1631 Folsom St, San Francisco, CA 94103, USA","Correa Building, 1631;1633;1635;1637, Folsom Street, Hayes Valley, Mission District, San Francisco, California, 94103, United States",37.77037615,-122.4150286
"799 Bayshore Blvd, San Francisco, CA 94124, USA","799, Bayshore Boulevard, Silver Terrace, Bayview District, San Francisco, California, 94124, United States",37.735564,-122.40635
"644 Persia Ave, San Francisco, CA 94112, USA","Snack & Bottle Shop, 644, Persia Avenue, Excelsior, San Francisco, California, 94112, United States",37.7204367,-122.4306351
"310 Alemany Blvd, San Francisco, CA 94110, USA","310, Alemany Boulevard, St. Mary's Park, San Francisco, California, 94110, United States",37.73456062398739,-122.4114635
"462 Athens St, San Francisco, CA 94112, USA","462, Athens Street, Excelsior, San Francisco, California, 94112, United States",37.720692650000004,-122.4293975
"152 Helena St, San Francisco, CA 94124, USA","152, Helena Street, Silver Terrace, Bayview District, San Francisco, California, 94124, United States",37.73657435,-122.4045099
"2398 16th St, San Francisco, CA 94103, USA","2398, 16th Street, Mission District, San Francisco, California, 94103, United States",37.765697,-122.41034
"98 Lisbon St, San Francisco, CA 94112, USA","98, Lisbon Street, Excelsior, San Francisco, California, 94112, United States",37.726811,-122.430089
"351 S Van Ness Ave, San Francisco, CA 94103, USA","351;353, South Van Ness Avenue, Mission District, San Francisco, California, 90110, United States",37.767583599999995,-122.4173541
"2335 San Bruno Ave, San Francisco, CA 94134, USA","San Bruno Avenue, Little Hollywood, San Francisco, California, 94134, United States",37.71891583534695,-122.4003743
"36 Rey St, San Francisco, CA 94134, USA","36, Rey Street, Visitacion Valley, San Francisco, California, 94134, United States",37.71311785,-122.4115398
"2055 Folsom St, San Francisco, CA 94110, USA","2055, Folsom Street, Mission District, San Francisco, California, 94110, United States",37.764366774193554,-122.4151148
"28 Addison St, San Francisco, CA 94131, USA","28, Addison Street, Glen Park, San Francisco, California, 94131, United States",37.73797645,-122.4304231
"698 Twin Peaks Blvd, San Francisco, CA 94114, USA","698, Twin Peaks Boulevard, Midtown Terrace, San Francisco, California, 94131, United States",37.751047,-122.448771
"170 Schwerin St, San Francisco, CA 94134, USA","170, Schwerin Street, Visitacion Valley, San Francisco, California, 94134, United States",37.711198499999995,-122.4112901
"448 Bellevue Ave, Daly City, CA 94014, USA","448, Bellevue Avenue, Daly City, San Mateo County, California, 94014, United States",37.70552382683816,-122.4497097
"299 2nd St, San Francisco, CA 94105, USA","The Clancy, Autograph Collection, 299, 2nd Street, Transbay, South of Market, San Francisco, California, 94105, United States",37.786013249999996,-122.3969243
"198 Fulton St, San Francisco, CA 94102, USA","198, Fulton Street, Civic Center, South of Market, San Francisco, California, 94102, United States",37.779684,-122.41663
"2585 Union St, San Francisco, CA 94123, USA","2585, Union Street, Cow Hollow, San Francisco, California, 94123, United States",37.79621222916667,-122.4417215
"5060 Mission St, San Francisco, CA 94112, USA","5060, Mission Street, Excelsior, San Francisco, California, 94112, United States",37.717453649999996,-122.440825
"25 Sanchez St, San Francisco, CA 94114, USA","25 Sanchez Apartments, 25, Sanchez Street, Western Addition, San Francisco, California, 94143, United States",37.7689696,-122.4310495
"1546 Dolores St, San Francisco, CA 94110, USA","1546, Dolores Street, San Francisco, California, 94110, United States",37.74480263,-122.4243108
"1399 15th St, San Francisco, CA 94103, USA","1399, 15th Street, Mission District, San Francisco, California, 94103, United States",37.766864,-122.415299
"1990 Folsom St, San Francisco, CA 94103, USA","1990, Folsom Street, Mission District, San Francisco, California, 94103, United States",37.76554432653061,-122.4154337
"582 Athens St, San Francisco, CA 94112, USA","582, Athens Street, Crocker-Amazon, San Francisco, California, 94112, United States",37.718902549999996,-122.4307798
"499 Division St, San Francisco, CA 94103, USA","499, Division Street, Mission District, San Francisco, California, 94103, United States",37.768699,-122.411572
"598 Delta St, San Francisco, CA 94134, USA","598, Delta Street, Visitacion Valley, San Francisco, California, 94134, United States",37.71327,-122.409536
"2300 16th St, San Francisco, CA 94103, USA","Jamba, 2300, 16th Street, Mission District, San Francisco, California, 94103, United States",37.7665115,-122.4087
"145 Cora St, San Francisco, CA 94134, USA","145, Cora Street, Visitacion Valley, San Francisco, California, 94134, United States",37.71089015,-122.4089699
"399 12th St, San Francisco, CA 94103, USA","399, 12th Street, Mission District, San Francisco, California, 94103, United States",37.770182,-122.413136
"34 Essex St, San Francisco, CA 94105, USA","34, Essex Street, Rincon Hill, South of Market, San Francisco, California, 94107, United States",37.78601587747578,-122.3953361
"487 Templeton Ave, Daly City, CA 94014, USA","487, Templeton Avenue, Daly City, San Mateo County, California, 94014, United States",37.70556824370583,-122.4519272
"9 Moffitt St, San Francisco, CA 94131, USA","9, Moffitt Street, Glen Park, San Francisco, California, 94131, United States",37.736742093149495,-122.4316333
"2 Italy Ave, San Francisco, CA 94112, USA","2, Italy Avenue, Excelsior, San Francisco, California, 94112, United States",37.71825175,-122.4394176
"385 S Van Ness Ave, San Francisco, CA 94103, USA","383;385, South Van Ness Avenue, Mission District, San Francisco, California, 90110, United States",37.76715495,-122.4174357
"2298 San Bruno Ave, San Francisco, CA 94134, USA","San Bruno Avenue, Little Hollywood, San Francisco, California, 94134, United States",37.71891583534695,-122.4003743
"16 Addison St, San Francisco, CA 94131, USA","16, Addison Street, Glen Park, San Francisco, California, 94131, United States",37.73795975,-122.4300656
"760 14th St, San Francisco, CA 94114, USA","760, 14th Street, Duboce Triangle, Mission District, San Francisco, California, 94143, United States",37.7678458,-122.4304796
"808 Twin Peaks Blvd, San Francisco, CA 94131, USA","808, Twin Peaks Boulevard, Midtown Terrace, San Francisco, California, 94131, United States",37.750202273895255,-122.4474412
"955 Madrid St, San Francisco, CA 94112, USA","955, Madrid Street, Excelsior, San Francisco, California, 94112, United States",37.7152199,-122.4372969
"41 14th St, San Francisco, CA 94103, USA","41, 14th Street, Mission District, San Francisco, California, 90110, United States",37.76839735,-122.4146549
"816 Persia Ave, San Francisco, CA 94112, USA","816, Persia Avenue, Excelsior, San Francisco, California, 94112, United States",37.719788,-122.4293708
"1550 Bryant St, San Francisco, CA 94103, USA","1550, Bryant Street, Mission District, San Francisco, California, 90103, United States",37.76755155,-122.4111749
"171 Accacia St, Daly City, CA 94014, USA","171, Accacia Street, Bayshore, Daly City, San Mateo County, California, 94014, United States",37.705621097106345,-122.4153694
"984 Geneva Ave, San Francisco, CA 94112, USA","982;984, Geneva Avenue, Crocker-Amazon, San Francisco, California, 94112, United States",37.715631450000004,-122.4399454
"101, San Francisco, CA 94103, USA","101, San Francisco, California, United States",37.76297715,-122.4375719
"121 Tiffany Ave, San Francisco, CA 94110, USA","121, Tiffany Avenue, San Francisco, California, 90110, United States",37.745012,-122.4211495
"1406 15th St, San Francisco, CA 94103, USA","1406, 15th Street, Mission District, San Francisco, California, 94103, United States",37.767004,-122.4157221
"51 Verna St, San Francisco, CA 94127, USA","51, Verna Street, Sunnyside, San Francisco, California, 94112, United States",37.7349812,-122.4482041
"3016 Scott St, San Francisco, CA 94123, USA","3016, Scott Street, Lower Pacific Heights, Western Addition, San Francisco, California, 94115, United States",37.797962600000005,-122.4405367
"125 Mateo St, San Francisco, CA 94131, USA","125, Mateo Street, Glen Park, San Francisco, California, 94112, United States",37.73665735,-122.4290688
"3150 Washington St, San Francisco, CA 94115, USA","3150, Washington Street, Presidio Terrace, Richmond District, San Francisco, California, 94115, United States",37.79030278,-122.445147
"41 Cuvier St, San Francisco, CA 94112, USA","41;43, Cuvier Street, St. Mary's Park, San Francisco, California, 94112, United States",37.7342896,-122.4285198
"2750 Diamond St, San Francisco, CA 94131, USA","2750, Diamond Street, Glen Park, San Francisco, California, 94131, United States",37.73533415,-122.4341015
"671 Hanover St, Daly City, CA 94014, USA","671, Hanover Street, Top of the Hill, Daly City, San Mateo County, California, 94014, United States",37.706517481963616,-122.4506334
"1161 Alemany Blvd, San Francisco, CA 94112, USA","1161, Alemany Boulevard, St. Mary's Park, San Francisco, California, 94112, United States",37.7306895,-122.4301078
"32 Madrid St, San Francisco, CA 94112, USA","32, Madrid Street, Excelsior, San Francisco, California, 94112, United States",37.7281552,-122.4280557
"481 Duboce Ave, San Francisco, CA 94117, USA","477;479;481, Duboce Avenue, Western Addition, San Francisco, California, 94143, United States",37.7691278,-122.430833
"105 Addison St, San Francisco, CA 94131, USA","105, Addison Street, Glen Park, San Francisco, California, 94131, United States",37.737346763566435,-122.4316341
"869 Schwerin St, Daly City, CA 94014, USA","869, Schwerin Street, Bayshore, Daly City, San Mateo County, California, 94014, United States",37.703167883578246,-122.4145405
"61 Joost Ave, San Francisco, CA 94131, USA","61, Joost Avenue, Glen Park, San Francisco, California, 94112, United States",37.732214799999994,-122.4365164
"2300 16th St, San Francisco, CA 94103, USA","Jamba, 2300, 16th Street, Mission District, San Francisco, California, 94103, United States",37.7665115,-122.4087
"302 Potrero Ave, San Francisco, CA 94110, USA","McDonald's, 302, Potrero Avenue, Mission District, San Francisco, California, 94103, United States",37.765413,-122.4079344
"10 Augusta St, San Francisco, CA 94124, USA","10, Augusta Street, Silver Terrace, Bayview District, San Francisco, California, 94124, United States",37.734544,-122.402542
"2193 16th St, San Francisco, CA 94103, USA","2193, 16th Street, Mission District, San Francisco, California, 94103, United States",37.76564332723372,-122.408497
"123 A Oriente St, Daly City, CA 94014, USA","Oriente Street, Bayshore, Daly City, San Mateo County, California, 94134, United States",37.703569779881086,-122.4154508
"1960 Folsom St, San Francisco, CA 94103, USA","Lumberman, 1960, Folsom Street, Mission District, San Francisco, California, 90110, United States",37.7658967,-122.4159482
"1919 Baker St, San Francisco, CA 94115, USA","1919, Baker Street, Anza Vista, Western Addition, San Francisco, California, 94115, United States",37.789227600000004,-122.4443204
"400 Pioche St, San Francisco, CA 94134, USA","400, Pioche Street, St. Mary's Park, San Francisco, California, 94134, United States",37.7281263,-122.4225888
"3800 Sanchez St, San Francisco, CA 94114, USA","Sanchez Street, Noe Valley, Mission District, San Francisco, California, 94114, United States",37.75611438613338,-122.430064
"2300 16th St, San Francisco, CA 94103, USA","Jamba, 2300, 16th Street, Mission District, San Francisco, California, 94103, United States",37.7665115,-122.4087
"469 11th St, San Francisco, CA 94103, USA","469, 11th Street, Mission District, San Francisco, California, 94103, United States",37.76990712244898,-122.4114148
"10 Agnon Ave, San Francisco, CA 94112, USA","10, Agnon Avenue, St. Mary's Park, San Francisco, California, 94134, United States",37.7349515,-122.4223486
"1163 Alemany Blvd, San Francisco, CA 94112, USA","1163, Alemany Boulevard, St. Mary's Park, San Francisco, California, 94112, United States",37.73093996153846,-122.4304057
"45 29th St, San Francisco, CA 94110, USA","45, 29th Street, Bernal Heights, San Francisco, California, 90110, United States",37.7437918,-122.4218206
"325 Harvard St, San Francisco, CA 94134, USA","325, Harvard Street, St. Mary's Park, San Francisco, California, 94134, United States",37.725592500000005,-122.4200195
"112 Avalon Ave, San Francisco, CA 94112, USA","112, Avalon Avenue, Excelsior, San Francisco, California, 94112, United States",37.72714553061224,-122.4316224
"869 Schwerin St, Daly City, CA 94014, USA","869, Schwerin Street, Bayshore, Daly City, San Mateo County, California, 94014, United States",37.703167883578246,-122.4145405
"499 Otsego Ave, San Francisco, CA 94112, USA","499, Otsego Avenue, Sunnyside, San Francisco, California, 94112, United States",37.721661,-122.441972
"2170 Revere Ave, San Francisco, CA 94124, USA","2170, Revere Avenue, Silver Terrace, Bayview District, San Francisco, California, 94124, United States",37.7379166,-122.4006585
"3095 Pacific Ave, San Francisco, CA 94115, USA","3095, Pacific Avenue, Pacific Heights, San Francisco, California, 94115, United States",37.79173055,-122.44604
"167 Curtis St, San Francisco, CA 94112, USA","167, Curtis Street, Crocker-Amazon, San Francisco, California, 94112, United States",37.71217955,-122.4390461
"207 Oriente St, Daly City, CA 94014, USA","207, Oriente Street, Bayshore, Daly City, San Mateo County, California, 94014, United States",37.70461717,-122.414862
"2030 Harrison St, San Francisco, CA 94110, USA","2030, Harrison Street, Mission District, San Francisco, California, 90110, United States",37.76448395,-122.4132714
"212 Cambridge St, San Francisco, CA 94134, USA","212, Cambridge Street, St. Mary's Park, San Francisco, California, 94134, United States",37.72869765,-122.419564
"2700 Vallejo St, San Francisco, CA 94123, USA","2700, Vallejo Street, Cow Hollow, San Francisco, California, 94115, United States",37.7945936,-122.442018
"1257 Alemany Blvd, San Francisco, CA 94112, USA","1257, Alemany Boulevard, St. Mary's Park, San Francisco, California, 94112, United States",37.73007355,-122.4321806
"74 Arnold Ave, San Francisco, CA 94110, USA","74, Arnold Avenue, Bernal Heights, San Francisco, California, 94134, United States",37.7341017,-122.4198675
"3170 Sacramento St, San Francisco, CA 94115, USA","3170, Sacramento Street, Pacific Heights, San Francisco, California, 94115, United States",37.788512,-122.4450679
"869 Schwerin St, Daly City, CA 94014, USA","869, Schwerin Street, Bayshore, Daly City, San Mateo County, California, 94014, United States",37.703167883578246,-122.4145405
"1349 San Jose Avenue, San Francisco, CA 94131, USA","San Jose Avenue, Sunnyside, San Francisco, California, 94112, United States",37.730039117454126,-122.4382512
"405 Allison St, San Francisco, CA 94112, USA","405, Allison Street, Crocker-Amazon, San Francisco, California, 94112, United States",37.70984726530612,-122.4404421
"1991 Alemany Blvd, San Francisco, CA 94112, USA","1991, Alemany Boulevard, Excelsior, San Francisco, California, 94112, United States",37.720299100000005,-122.4391545
"598 Harrison St, San Francisco, CA 94105, USA","598, Harrison Street, Rincon Hill, South of Market, San Francisco, California, 94105, United States",37.78434819888101,-122.3949666
"342 Elliot St, San Francisco, CA 94134, USA","342, Elliot Street, Visitacion Valley, San Francisco, California, 94134, United States",37.713865999999996,-122.4117308
"2010 Alemany Blvd, San Francisco, CA 94112, USA","2010, Alemany Boulevard, Excelsior, San Francisco, California, 94112, United States",37.719904299999996,-122.4400687
"322 Oliver St, Daly City, CA 94014, USA","322, Oliver Street, Daly City, San Mateo County, California, 94014, United States",37.70557164436857,-122.4484701
"170 Cora St, San Francisco, CA 94134, USA","170, Cora Street, Visitacion Valley, San Francisco, California, 94134, United States",37.710592399999996,-122.4095253
"551 Templeton Ave, Daly City, CA 94014, USA","551, Templeton Avenue, Daly City, San Mateo County, California, 94014, United States",37.70519397186595,-122.4514688
"170 S Van Ness Ave, San Francisco, CA 94103, USA","170A, South Van Ness Avenue, Hayes Valley, Mission District, San Francisco, California, 94103, United States",37.7704657,-122.4180415
"422 Duboce Ave, San Francisco, CA 94117, USA","422, Duboce Avenue, Western Addition, San Francisco, California, 94117, United States",37.769459142857144,-122.4304871
"162 Oriente St, Daly City, CA 94014, USA","162, Oriente Street, Bayshore, Daly City, San Mateo County, California, 94014, United States",37.705564223221344,-122.4146612
"460 McAllister St, San Francisco, CA 94102, USA","460, McAllister Street, Civic Center, San Francisco, California, 94102, United States",37.780233,-122.4195358
"310 Alemany Blvd, San Francisco, CA 94110, USA","310, Alemany Boulevard, St. Mary's Park, San Francisco, California, 94110, United States",37.73456062398739,-122.4114635
"450 10th St, San Francisco, CA 94103, USA","Costco, 450, 10th Street, West SoMa, South of Market, San Francisco, California, 94103, United States",37.77028315,-122.4108614
"Twin Peaks Blvd, San Francisco, CA 94114, USA","Twin Peaks Boulevard, Cole Valley, San Francisco, California, 94117, United States",37.76080700677249,-122.4466489
"11 Navajo Ave, San Francisco, CA 94112, USA","11, Navajo Avenue, Outer Mission, San Francisco, California, 94112, United States",37.7194657,-122.4434793
"55 Trumbull St, San Francisco, CA 94112, USA","55, Trumbull Street, St. Mary's Park, San Francisco, California, 94112, United States",37.7310139,-122.4286522
"2300 16th St, San Francisco, CA 94103, USA","Jamba, 2300, 16th Street, Mission District, San Francisco, California, 94103, United States",37.7665115,-122.4087
"777 Twin Peaks Blvd, San Francisco, CA 94131, USA","777, Twin Peaks Boulevard, Midtown Terrace, San Francisco, California, 94131, United States",37.750753212426545,-122.448225
"531 Persia Ave, San Francisco, CA 94112, USA","531, Persia Avenue, Excelsior, San Francisco, California, 94112, United States",37.72116624489796,-122.4316548
"35 Fell St, San Francisco, CA 94102, USA","35, Fell Street, Civic Center, San Francisco, California, 94102, United States",37.77647168288126,-122.4179736
"30 Grove St, San Francisco, CA 94102, USA","30, Grove Street, Civic Center, South of Market, San Francisco, California, 94102, United States",37.77890042857143,-122.4153261
"221 Accacia St, Daly City, CA 94014, USA","221, Accacia Street, Bayshore, Daly City, San Mateo County, California, 94014, United States",37.70463854438596,-122.4158058
"3068 California St, San Francisco, CA 94115, USA","3066;3068, California Street, Lower Pacific Heights, San Francisco, California, 94115, United States",37.7877746,-122.4449265
"808 Twin Peaks Blvd, San Francisco, CA 94131, USA","808, Twin Peaks Boulevard, Midtown Terrace, San Francisco, California, 94131, United States",37.750202273895255,-122.4474412
"737 Paris St, San Francisco, CA 94112, USA","737, Paris Street, Excelsior, San Francisco, California, 94112, United States",37.71717245,-122.4380835
"681 Silver Ave, San Francisco, CA 94134, USA","681, Silver Avenue, St. Mary's Park, San Francisco, California, 94134, United States",37.72893400559261,-122.4220748
"3125 Jackson St, San Francisco, CA 94115, USA","3125;3127, Jackson Street, Pacific Heights, San Francisco, California, 94115, United States",37.79070745,-122.4465876
"243 Rolph St, San Francisco, CA 94112, USA","243, Rolph Street, Crocker-Amazon, San Francisco, California, 94112, United States",37.7141533,-122.43751
"3120 Jackson St, San Francisco, CA 94115, USA","3120, Jackson Street, Pacific Heights, San Francisco, California, 94115, United States",37.791165,-122.4465734
"3048 Geneva Ave, Daly City, CA 94014, USA","3048, Geneva Avenue, Bayshore, Daly City, San Mateo County, California, 94014, United States",37.70603568979111,-122.4122631
"2780 Vallejo St, San Francisco, CA 94123, USA","2780, Vallejo Street, Cow Hollow, San Francisco, California, 94115, United States",37.7944025,-122.4430511
"200 Larkin St, San Francisco, CA 94102, USA","Asian Art Museum of San Francisco, 200, Larkin Street, Civic Center, South of Market, San Francisco, California, 94102, United States",37.7802982,-122.4159746
"9 Tingley St, San Francisco, CA 94112, USA","9, Tingley Street, Sunnyside, San Francisco, California, 94112, United States",37.72831565306122,-122.4321387
"195 Lowell St, San Francisco, CA 94112, USA","195, Lowell Street, Outer Mission, San Francisco, California, 94112, United States",37.70998025,-122.4453901
"555 9th St, San Francisco, CA 94103, USA","Trader Joe's, 555, 9th Street, West SoMa, South of Market, San Francisco, California, 94103, United States",37.7709988,-122.4077368
"3048 Geneva Ave, Daly City, CA 94014, USA","3048, Geneva Avenue, Bayshore, Daly City, San Mateo County, California, 94014, United States",37.70603568979111,-122.4122631
"2300 16th St, San Francisco, CA 94103, USA","Jamba, 2300, 16th Street, Mission District, San Francisco, California, 94103, United States",37.7665115,-122.4087
"4987 Mission St, San Francisco, CA 94112, USA","4987, Mission Street, Excelsior, San Francisco, California, 94112, United States",37.718654642857146,-122.4392001
"208 Accacia St, Daly City, CA 94014, USA","208, Accacia Street, Bayshore, Daly City, San Mateo County, California, 94014, United States",37.704879298468946,-122.415919
"310 Alemany Blvd, San Francisco, CA 94110, USA","310, Alemany Boulevard, St. Mary's Park, San Francisco, California, 94110, United States",37.73456062398739,-122.4114635
"79 Waterville St, San Francisco, CA 94124, USA","79, Waterville Street, Silver Terrace, Bayview District, San Francisco, California, 94124, United States",37.734934749999994,-122.4025375
"68 Topeka Ave, San Francisco, CA 94124, USA","68, Topeka Avenue, Silver Terrace, Bayview District, San Francisco, California, 94124, United States",37.734181449999994,-122.4000908
"1098 San Jose Avenue, San Francisco, CA 94131, USA","1098, San Jose Avenue, St. Mary's Park, San Francisco, California, 94110, United States",37.734773,-122.429321
"206 Lisbon St, San Francisco, CA 94112, USA","206, Lisbon Street, Excelsior, San Francisco, California, 94112, United States",37.7250406,-122.4315727
"106 Presidio Ave, San Francisco, CA 94115, USA","104;106;108;110;112;114, Presidio Avenue, Laurel Heights, San Francisco, California, 94115, United States",37.7906283,-122.4472315
"322 Teddy Ave, San Francisco, CA 94134, USA","322, Teddy Avenue, Visitacion Valley, San Francisco, California, 94134, United States",37.71538691836735,-122.4091293
"411 Vienna St, San Francisco, CA 94112, USA","411, Vienna Street, Excelsior, San Francisco, California, 94112, United States",37.72156335,-122.4292239
"67 Maddux Ave, San Francisco, CA 94124, USA","67, Maddux Avenue, Silver Terrace, Bayview District, San Francisco, California, 94124, United States",37.734129100000004,-122.3981697
"654 Twin Peaks Blvd, San Francisco, CA 94114, USA","654, Twin Peaks Boulevard, Midtown Terrace, San Francisco, California, 94131, United States",37.75142468810172,-122.4486196
"140 Accacia St, Daly City, CA 94014, USA","140, Accacia Street, Bayshore, Daly City, San Mateo County, California, 94014, United States",37.70614789107583,-122.4153559
"311 Gambier St, San Francisco, CA 94134, USA","311, Gambier Street, St. Mary's Park, San Francisco, California, 94134, United States",37.7254078,-122.4210989
"742 Lisbon St, San Francisco, CA 94112, USA","742, Lisbon Street, Excelsior, San Francisco, California, 94112, United States",37.716913399999996,-122.4377272
"150 Hayes St, San Francisco, CA 94102, USA","150, Hayes Street, Civic Center, San Francisco, California, 94102, United States",37.77767255,-122.4188793
"554 Vienna St, San Francisco, CA 94112, USA","554, Vienna Street, Excelsior, San Francisco, California, 94112, United States",37.719697350000004,-122.4312736
"114 29th St, San Francisco, CA 94110, USA","114, 29th Street, San Francisco, California, 94110, United States",37.744001714285716,-122.4230566
"480 Raymond Ave, San Francisco, CA 94134, USA","480, Raymond Avenue, Visitacion Valley, San Francisco, California, 94134, United States",37.71492581632653,-122.4130545
"1184 Geneva Ave, San Francisco, CA 94112, USA","1184;1186, Geneva Avenue, Crocker-Amazon, San Francisco, California, 94112, United States",37.714185549999996,-122.436695
"2923 Jackson St, San Francisco, CA 94115, USA","2923, Jackson Street, Pacific Heights, San Francisco, California, 94115, United States",37.79111225,-122.4434145
"2186 Market St, San Francisco, CA 94114, USA","2186, Market Street, Duboce Triangle, Mission District, San Francisco, California, 94114, United States",37.76586892857143,-122.430699
"555 Moscow St, San Francisco, CA 94112, USA","555, Moscow Street, Excelsior, San Francisco, California, 94112, United States",37.71872485,-122.4291971
"1340 Bryant St, San Francisco, CA 94103, USA","1340, Bryant Street, Mission District, San Francisco, California, 94103, United States",37.769139,-122.410926
"308 Oxford St, San Francisco, CA 94134, USA","308, Oxford Street, St. Mary's Park, San Francisco, California, 94134, United States",37.72595575,-122.4195064
"418 Silver Ave, San Francisco, CA 94112, USA","418, Silver Avenue, St. Mary's Park, San Francisco, California, 94134, United States",37.72835685,-122.4283046
" B Mission St, San Francisco, CA 94112, USA","Mission Street, St. Mary's Park, San Francisco, California, 94112, United States",37.73291894223877,-122.4271592
"2200 Market St, San Francisco, CA 94114, USA","2200, Market Street, Duboce Triangle, Mission District, San Francisco, California, 94114, United States",37.765877,-122.431213
"Polk St, San Francisco, CA 94102, USA","Polk Street, Civic Center, San Francisco, California, 94102, United States",37.78170722683962,-122.4189115
"300 Hampshire St, San Francisco, CA 94110, USA","300, Hampshire Street, Mission District, San Francisco, California, 94110, United States",37.765247,-122.408603
"149 Beacon St, San Francisco, CA 94131, USA","149, Beacon Street, Glen Park, San Francisco, California, 94131, United States",37.7388009,-122.4311261
"44 Santa Fe Ave, San Francisco, CA 94124, USA","44, Santa Fe Avenue, Silver Terrace, Bayview District, San Francisco, California, 94124, United States",37.73411875,-122.4010432
"205 Topeka Ave, San Francisco, CA 94124, USA","205, Topeka Avenue, Silver Terrace, Bayview District, San Francisco, California, 94124, United States",37.73328445,-122.3974358
"799 14th St, San Francisco, CA 94114, USA","799, 14th Street, Duboce Triangle, Mission District, San Francisco, California, 94114, United States",37.767522,-122.431028
"1340 Geneva Ave, San Francisco, CA 94112, USA","1340, Geneva Avenue, Crocker-Amazon, San Francisco, California, 94112, United States",37.712946099999996,-122.4340245
"221 Cordova St, San Francisco, CA 94112, USA","221, Cordova Street, Crocker-Amazon, San Francisco, California, 94112, United States",37.711347399999994,-122.4352115
"92 Charter Oak Ave, San Francisco, CA 94124, USA","92, Charter Oak Avenue, Silver Terrace, Bayview District, San Francisco, California, 94124, United States",37.73661031819829,-122.4048415
"100 Larkin St, San Francisco, CA 94102, USA","San Francisco Main Library, 100, Larkin Street, Civic Center, South of Market, San Francisco, California, 94102, United States",37.779196850000005,-122.4157854
"279 Arleta Ave, San Francisco, CA 94134, USA","279, Arleta Avenue, Visitacion Valley, San Francisco, California, 94134, United States",37.714207599999995,-122.4085116
"1884 Folsom St, San Francisco, CA 94103, USA","1884, Folsom Street, Mission District, San Francisco, California, 94103, United States",37.76724742857143,-122.4155954
"30 Fillmore St, San Francisco, CA 94117, USA","30, Fillmore Street, Western Addition, San Francisco, California, 94117, United States",37.76971538,-122.4298627
"80 Everson St, San Francisco, CA 94131, USA","80, Everson Street, Glen Park, San Francisco, California, 94131, United States",37.738503,-122.430963
"2485 Union St, San Francisco, CA 94123, USA","2485, Union Street, Cow Hollow, San Francisco, California, 94123, United States",37.7963587,-122.4401187
"900 Moscow St, San Francisco, CA 94112, USA","900, Moscow Street, Crocker-Amazon, San Francisco, California, 94112, United States",37.71441575,-122.4330979
"429 Rolph St, San Francisco, CA 94112, USA","429, Rolph Street, Crocker-Amazon, San Francisco, California, 94112, United States",37.7127425,-122.4343741
"51 Ramona Ave, San Francisco, CA 94103, USA","51;53, Ramona Avenue, Duboce Triangle, Mission District, San Francisco, California, 94143, United States",37.76718785,-122.4251223
"1590 Bryant St, San Francisco, CA 94103, USA","Sports Basement Outdoor & Camping, 1590, Bryant Street, Mission District, San Francisco, California, 94103, United States",37.76709765,-122.4111318
"1695 Mission St, San Francisco, CA 94103, USA","Discount Builders Supply, 1695, Mission Street, Hayes Valley, Mission District, San Francisco, California, 94103, United States",37.7704188,-122.4190897
"2975 Jackson St, San Francisco, CA 94115, USA","2973;2975, Jackson Street, Pacific Heights, San Francisco, California, 94115, United States",37.79105365,-122.4439124
"269 Arleta Ave, San Francisco, CA 94134, USA","269, Arleta Avenue, Visitacion Valley, San Francisco, California, 94134, United States",37.7141666,-122.408352
"661 Twin Peaks Blvd, San Francisco, CA 94114, USA","661, Twin Peaks Boulevard, Midtown Terrace, San Francisco, California, 94131, United States",37.751361558516116,-122.4486349
"635 San Jose Avenue, San Francisco, CA 94110, USA","635, San Jose Avenue, San Francisco, California, 94110, United States",37.745322382833976,-122.4223852
"Plum St, San Francisco, CA 94103, USA","Plum Street, Hayes Valley, Mission District, San Francisco, California, 94103, United States",37.77093501088382,-122.4187025
"44 Santa Fe Ave, San Francisco, CA 94124, USA","44, Santa Fe Avenue, Silver Terrace, Bayview District, San Francisco, California, 94124, United States",37.73411875,-122.4010432
"40 Lippard Ave, San Francisco, CA 94131, USA","40, Lippard Avenue, Glen Park, San Francisco, California, 94131, United States",37.735053444444446,-122.4355771
"431 Murray St, San Francisco, CA 94110, USA","431, Murray Street, Bernal Heights, San Francisco, California, 94110, United States",37.73533148979592,-122.4203048
"516 Vienna St, San Francisco, CA 94112, USA","516, Vienna Street, Excelsior, San Francisco, California, 94112, United States",37.72021275,-122.430831
"310 Alemany Blvd, San Francisco, CA 94110, USA","310, Alemany Boulevard, St. Mary's Park, San Francisco, California, 94110, United States",37.73456062398739,-122.4114635
"1835 Folsom St, San Francisco, CA 94103, USA","1835, Folsom Street, Mission District, San Francisco, California, 94103, United States",37.76795024489796,-122.4154542
"198 Fulton St, San Francisco, CA 94102, USA","198, Fulton Street, Civic Center, South of Market, San Francisco, California, 94102, United States",37.779684,-122.41663
"701 Bayshore Blvd, San Francisco, CA 94124, USA","701;707, Bayshore Boulevard, Silver Terrace, Bayview District, San Francisco, California, 94134, United States",37.73585355,-122.4062279
"143 Winchester St, Daly City, CA 94014, USA","143, Winchester Street, Top of the Hill, Daly City, San Mateo County, California, 94014, United States",37.707329415786056,-122.4504317
"380 10th St, San Francisco, CA 94103, USA","380, 10th Street, West SoMa, South of Market, San Francisco, California, 94103, United States",37.77164395,-122.4118207
"1 Bemis St, San Francisco, CA 94131, USA","1, Bemis Street, Glen Park, San Francisco, California, 94131, United States",37.738184,-122.42878
"2124 15th St, San Francisco, CA 94114, USA","2126;2124, 15th Street, Duboce Triangle, Mission District, San Francisco, California, 94143, United States",37.76616265,-122.4317074
"650 Duboce Ave, San Francisco, CA 94117, USA","650, Duboce Avenue, Western Addition, San Francisco, California, 94117, United States",37.769228,-122.4342493
"375 Silver Ave, San Francisco, CA 94112, USA","375, Silver Avenue, St. Mary's Park, San Francisco, California, 94134, United States",37.7287012,-122.4290005
"125 Peru Ave, San Francisco, CA 94112, USA","125, Peru Avenue, St. Mary's Park, San Francisco, California, 94134, United States",37.72818975,-122.4283466
"116 Miguel St, San Francisco, CA 94131, USA","116, Miguel Street, Glen Park, San Francisco, California, 94131, United States",37.73795995,-122.4287048
"3018 Washington St, San Francisco, CA 94115, USA","3016;3018, Washington Street, Presidio Terrace, Richmond District, San Francisco, California, 94118, United States",37.7906397,-122.443236
"2945 Scott St, San Francisco, CA 94123, USA","2945, Scott Street, Lower Pacific Heights, Western Addition, San Francisco, California, 94115, United States",37.797212,-122.4407608
"1479 Guerrero St, San Francisco, CA 94110, USA","1479, Guerrero Street, Mission District, San Francisco, California, 94110, United States",37.74751435416667,-122.4226043
"2727 Pierce St, San Francisco, CA 94123, USA","2727, Pierce Street, Pacific Heights, San Francisco, California, 94123, United States",37.7952156,-122.4389848
"148 Noe St, San Francisco, CA 94114, USA","146;148, Noe Street, Western Addition, San Francisco, California, 94143, United States",37.7667668,-122.4336217
"3264 Mission St, San Francisco, CA 94110, USA","3264, Mission Street, Bernal Heights, San Francisco, California, 94110, United States",37.744433487804876,-122.4207541
"498 Athens St, San Francisco, CA 94112, USA","498, Athens Street, Excelsior, San Francisco, California, 94112, United States",37.720274599999996,-122.4296929
"45 Scotia Ave, San Francisco, CA 94124, USA","45, Scotia Avenue, Silver Terrace, Bayview District, San Francisco, California, 94124, United States",37.73386605,-122.4013028
"651 Morse St, San Francisco, CA 94112, USA","651, Morse Street, Outer Mission, San Francisco, California, 94112, United States",37.7111758,-122.4451875
"3053 California St, San Francisco, CA 94115, USA","3051;3053;3055, California Street, Lower Pacific Heights, San Francisco, California, 94115, United States",37.7872807,-122.4445811
"51 Duncan St, San Francisco, CA 94110, USA","51, Duncan Street, San Francisco, California, 94110, United States",37.74636125641025,-122.4211691
"114 Crescent Ave, San Francisco, CA 94110, USA","114, Crescent Avenue, St. Mary's Park, San Francisco, California, 94134, United States",37.73498835,-122.4218002
"818 Persia Ave, San Francisco, CA 94112, USA","818, Persia Avenue, Excelsior, San Francisco, California, 94112, United States",37.7197434,-122.4293002
"836 Schwerin St, Daly City, CA 94014, USA","836, Schwerin Street, Bayshore, Daly City, San Mateo County, California, 94014, United States",37.70386333,-122.4144524
"1617 13th St, San Francisco, CA 94103, USA","13th Street, Mission District, San Francisco, California, 94103, United States",37.769485966721845,-122.4112691
"801 Silver Ave, San Francisco, CA 94134, USA","Cornerstone Academy, 801, Silver Avenue, Silver Terrace, Bayview District, San Francisco, California, 94134, United States",37.729588250000006,-122.4183334
"478 Bosworth St, San Francisco, CA 94112, USA","478, Bosworth Street, St. Mary's Park, San Francisco, California, 94112, United States",37.733116875355954,-122.4316732
"181 Bertita St, San Francisco, CA 94112, USA","181, Bertita Street, Excelsior, San Francisco, California, 94112, United States",37.718422950000004,-122.4404927
"210 Utah St, San Francisco, CA 94103, USA","210, Utah Street, Mission District, San Francisco, California, 94103, United States",37.76690544897959,-122.4067587
"621 Harrison St, San Francisco, CA 94107, USA","621, Harrison Street, Rincon Hill, South of Market, San Francisco, California, 94107, United States",37.783615636363635,-122.3958936
"1250 Naples St, San Francisco, CA 94112, USA","1250, Naples Street, Crocker-Amazon, San Francisco, California, 94112, United States",37.7113729,-122.4385225
"578 Athens St, San Francisco, CA 94112, USA","578, Athens Street, Crocker-Amazon, San Francisco, California, 94112, United States",37.71899415,-122.4307638
"330 11th St, San Francisco, CA 94103, USA","330, 11th Street, West SoMa, Mission District, San Francisco, California, 94103, United States",37.77139412244898,-122.4135845
"937 Silver Ave, San Francisco, CA 94134, USA","937, Silver Avenue, Silver Terrace, Bayview District, San Francisco, California, 94134, United States",37.72898735,-122.4168196
"564 Duboce Ave, San Francisco, CA 94117, USA","564, Duboce Avenue, Western Addition, San Francisco, California, 94117, United States",37.769143916666664,-122.4328269
"2300 16th St, San Francisco, CA 94103, USA","Jamba, 2300, 16th Street, Mission District, San Francisco, California, 94103, United States",37.7665115,-122.4087
"210 Edinburgh St, San Francisco, CA 94112, USA","210, Edinburgh Street, Excelsior, San Francisco, California, 94112, United States",37.72577335,-122.4288203
"1173 Munich St, San Francisco, CA 94112, USA","1173, Munich Street, Crocker-Amazon, San Francisco, California, 94112, United States",37.71079706996938,-122.4376842
"869 Schwerin St, Daly City, CA 94014, USA","869, Schwerin Street, Bayshore, Daly City, San Mateo County, California, 94014, United States",37.703167883578246,-122.4145405
"625 Bayshore Blvd, San Francisco, CA 94124, USA","Best Tile, 625, Bayshore Boulevard, Silver Terrace, Bayview District, San Francisco, California, 94124, United States",37.737046199999995,-122.4061518
"450 10th St, San Francisco, CA 94103, USA","Costco, 450, 10th Street, West SoMa, South of Market, San Francisco, California, 94103, United States",37.77028315,-122.4108614
"338 Guerrero St, San Francisco, CA 94103, USA","336;338, Guerrero Street, Duboce Triangle, Mission District, San Francisco, California, 94143, United States",37.765797500000005,-122.4244884
"59 Sheridan St, San Francisco, CA 94103, USA","59, Sheridan Street, West SoMa, South of Market, San Francisco, California, 94103, United States",37.772419551020405,-122.4113114
"562 Vienna St, San Francisco, CA 94112, USA","562, Vienna Street, Excelsior, San Francisco, California, 94112, United States",37.719588400000006,-122.4313681
"12 Shotwell St, San Francisco, CA 94103, USA","12;14;16, Shotwell Street, Mission District, San Francisco, California, 90110, United States",37.76814175,-122.416871
"341 Bellevue Ave, Daly City, CA 94014, USA","341, Bellevue Avenue, Daly City, San Mateo County, California, 94014, United States",37.706242548145525,-122.4470635
"186 Oriente St, Daly City, CA 94014, USA","186, Oriente Street, Bayshore, Daly City, San Mateo County, California, 94014, United States",37.705186558578106,-122.4148287
"1415 Folsom St, San Francisco, CA 94103, USA","1415, Folsom Street, West SoMa, Mission District, San Francisco, California, 94103, United States",37.7724334,-122.4129091
"2013 16th St, San Francisco, CA 94103, USA","2001;2003;2005;2007;2009;2013, 16th Street, Mission District, San Francisco, California, 90103, United States",37.76568555,-122.4067829
"2300 16th St, San Francisco, CA 94103, USA","Jamba, 2300, 16th Street, Mission District, San Francisco, California, 94103, United States",37.7665115,-122.4087
"530 Folsom St, San Francisco, CA 94105, USA","530, Folsom Street, Transbay, South of Market, San Francisco, California, 94105, United States",37.78657049246096,-122.395549
"3065 Jackson St, San Francisco, CA 94115, USA","San Francisco University High School, 3065, Jackson Street, Pacific Heights, San Francisco, California, 94115, United States",37.790873500000004,-122.4455769
"2300 16th St, San Francisco, CA 94103, USA","Jamba, 2300, 16th Street, Mission District, San Francisco, California, 94103, United States",37.7665115,-122.4087
"1844 Market St, San Francisco, CA 94102, USA","Custom Fit, 1844, Market Street, Duboce Triangle, Mission District, San Francisco, California, 94102, United States",37.7715262,-122.4242615
"359 Silver Ave, San Francisco, CA 94112, USA","359, Silver Avenue, St. Mary's Park, San Francisco, California, 94134, United States",37.7286828,-122.4293905
"571 Mangels Ave, San Francisco, CA 94127, USA","571, Mangels Avenue, Glen Park, San Francisco, California, 94112, United States",37.73284645,-122.4504972
"50 Fulton St, San Francisco, CA 94102, USA","50, Fulton Street, Civic Center, South of Market, San Francisco, California, 94102, United States",37.7799715,-122.414323
"568 Athens St, San Francisco, CA 94112, USA","568, Athens Street, Crocker-Amazon, San Francisco, California, 94112, United States",37.7191043,-122.4306743
"280 Surrey St, San Francisco, CA 94131, USA","280, Surrey Street, Glen Park, San Francisco, California, 94112, United States",37.735964949999996,-122.4364288
"4100 Mission St, San Francisco, CA 94112, USA","4100, Mission Street, St. Mary's Park, San Francisco, California, 94112, United States",37.731129,-122.429051
"346 Potrero Ave, San Francisco, CA 94103, USA","346, Potrero Avenue, Mission District, San Francisco, California, 94103, United States",37.765161612244896,-122.4075833
"100 Rousseau St, San Francisco, CA 94112, USA","100, Rousseau Street, St. Mary's Park, San Francisco, California, 94112, United States",37.73314834999999,-122.4303963
"70 13th St, San Francisco, CA 94103, USA","70, 13th Street, Mission District, San Francisco, California, 94103, United States",37.7698542,-122.4149541
"594 Alemany Blvd, San Francisco, CA 94110, USA","594, Alemany Boulevard, St. Mary's Park, San Francisco, California, 94110, United States",37.73229166455893,-122.4187107
"15 Italy Ave, San Francisco, CA 94112, USA","15, Italy Avenue, Excelsior, San Francisco, California, 94112, United States",37.71841885,-122.4389935
"353 Melrose Ave, San Francisco, CA 94127, USA","353, Melrose Avenue, Westwood Park, San Francisco, California, 94127, United States",37.73372225,-122.4502265
"120 Accacia St, Daly City, CA 94014, USA","120, Accacia Street, Bayshore, Daly City, San Mateo County, California, 94014, United States",37.70646245980302,-122.4152165
"685 Twin Peaks Blvd, San Francisco, CA 94131, USA","685, Twin Peaks Boulevard, Midtown Terrace, San Francisco, California, 94131, United States",37.751156769154534,-122.448721
"243 Duboce Ave, San Francisco, CA 94103, USA","243, Duboce Avenue, Duboce Triangle, Mission District, San Francisco, California, 94103, United States",37.76961046943915,-122.4252662
"60 Maddux Ave, San Francisco, CA 94124, USA","60, Maddux Avenue, Silver Terrace, Bayview District, San Francisco, California, 94124, United States",37.734163208911994,-122.3984819
"49 Bemis St, San Francisco, CA 94131, USA","49, Bemis Street, Glen Park, San Francisco, California, 94131, United States",37.73787622856277,-122.429251
"999 Brannan St, San Francisco, CA 94103, USA","Dolby Laboratories, 999, Brannan Street, West SoMa, South of Market, San Francisco, California, 90103, United States",37.7701803,-122.4063284
"17 Maynard St, San Francisco, CA 94112, USA","17, Maynard Street, St. Mary's Park, San Francisco, California, 94112, United States",37.729342450000004,-122.4302059
"1015 Bosworth St, San Francisco, CA 94131, USA","1015, Bosworth Street, Glen Park, San Francisco, California, 94112, United States",37.734115700000004,-122.4379099
"55 Erie St, San Francisco, CA 94103, USA","55, Erie Street, Mission District, San Francisco, California, 94103, United States",37.76916843736019,-122.4167803
"112 Schwerin St, San Francisco, CA 94134, USA","112, Schwerin Street, Visitacion Valley, San Francisco, California, 94134, United States",37.7119864,-122.4109458
"199 York St, San Francisco, CA 94103, USA","199, York Street, Mission District, San Francisco, California, 94103, United States",37.767466,-122.409409
"2133 Alemany Blvd, San Francisco, CA 94112, USA","2133, Alemany Boulevard, Excelsior, San Francisco, California, 94112, United States",37.71813525,-122.4415274
"121 Accacia St, Daly City, CA 94014, USA","121, Accacia Street, Bayshore, Daly City, San Mateo County, California, 94014, United States",37.706407329601944,-122.415021
"227 Presidio Ave, San Francisco, CA 94115, USA","227, Presidio Avenue, Laurel Heights, San Francisco, California, 94115, United States",37.7895143,-122.4474839
"5059 Mission St, San Francisco, CA 94112, USA","5059, Mission Street, Excelsior, San Francisco, California, 94112, United States",37.717474304347824,-122.4401051
"3201 Washington St, San Francisco, CA 94115, USA","3201, Washington Street, Presidio Terrace, Richmond District, San Francisco, California, 94118, United States",37.7899399,-122.4461549
"Earl Warren Building, 350 McAllister St, San Francisco, CA 94102, USA",Not Found,37.78067,-122.417839
"998 Twin Peaks Blvd, San Francisco, CA 94131, USA","998, Twin Peaks Boulevard, Midtown Terrace, San Francisco, California, 94131, United States",37.74670254347774,-122.4492149
"509 Naples St, San Francisco, CA 94112, USA","509, Naples Street, Excelsior, San Francisco, California, 94112, United States",37.72046265,-122.4311989
"108 Schwerin St, San Francisco, CA 94134, USA","108, Schwerin Street, Visitacion Valley, San Francisco, California, 94134, United States",37.7120446,-122.4109267
"698 Alemany Blvd, San Francisco, CA 94112, USA","698, Alemany Boulevard, St. Mary's Park, San Francisco, California, 94110, United States",37.732284,-122.420625
"2524 Union St, San Francisco, CA 94123, USA","2524, Union Street, Cow Hollow, San Francisco, California, 94123, United States",37.7965832,-122.441502
"151 Potrero Ave, San Francisco, CA 94103, USA","Levy Art & Architecture, 151, Potrero Avenue, South of Market, San Francisco, California, 94103, United States",37.7684323,-122.4101138
"716 San Jose Avenue, San Francisco, CA 94110, USA","716, San Jose Avenue, San Francisco, California, 94110, United States",37.74358818367347,-122.4226244
"150 Van Ness Ave, San Francisco, CA 94102, USA","CorePower Yoga, 150, Van Ness Avenue, Hayes Valley, San Francisco, California, 94102, United States",37.777004,-122.419391
"128 Elmira St, San Francisco, CA 94124, USA","128, Elmira Street, Silver Terrace, Bayview District, San Francisco, California, 94124, United States",37.735794850000005,-122.4039375
"2499 Lyon St, San Francisco, CA 94115, USA","2499, Lyon Street, Presidio Heights, San Francisco, California, 94123, United States",37.793633,-122.446673
"1676 13th St, San Francisco, CA 94103, USA","13th Street, Mission District, San Francisco, California, 94103, United States",37.769485966721845,-122.4112691
"75 Everson St, San Francisco, CA 94131, USA","75, Everson Street, Glen Park, San Francisco, California, 94131, United States",37.73833366666667,-122.4309593
"293 Surrey St, San Francisco, CA 94131, USA","293, Surrey Street, Glen Park, San Francisco, California, 94112, United States",37.7357528,-122.436753
"875 Geneva Ave, San Francisco, CA 94112, USA","875, Geneva Avenue, Outer Mission, San Francisco, California, 94112, United States",37.7171548,-122.4411286
"337 Hermann St, San Francisco, CA 94117, USA","337, Hermann Street, Western Addition, San Francisco, California, 94143, United States",37.77001344999999,-122.4306953
"2050 Alemany Blvd, San Francisco, CA 94112, USA","2050, Alemany Boulevard, Excelsior, San Francisco, California, 94112, United States",37.71939865,-122.4406773
"66 14th St, San Francisco, CA 94103, USA","66, 14th Street, Mission District, San Francisco, California, 94103, United States",37.768654857142856,-122.4150304
"448 Laidley St, San Francisco, CA 94131, USA","448, Laidley Street, Glen Park, San Francisco, California, 94112, United States",37.736610999999996,-122.4303758
"98 Elliot St, San Francisco, CA 94134, USA","Elliot Street, Visitacion Valley, San Francisco, California, 94134, United States",37.7140437,-122.4114722
"Earl Warren Building, 350 McAllister St, San Francisco, CA 94102, USA",Not Found,37.78067,-122.417839
"70 Van Buren St, San Francisco, CA 94131, USA","70, Van Buren Street, Glen Park, San Francisco, California, 94112, United States",37.7360664,-122.4358646
"175 Potrero Ave, San Francisco, CA 94103, USA","175, Potrero Avenue, Mission District, San Francisco, California, 94103, United States",37.76746326530612,-122.4076192
"1446 Market St, San Francisco, CA 94102, USA","Intersection for the Arts, 1446, Market Street, Civic Center, San Francisco, California, 94102, United States",37.7759636,-122.4186049
"4364 Mission St, San Francisco, CA 94112, USA","4364, Mission Street, Excelsior, San Francisco, California, 94112, United States",37.72789038461538,-122.4323151
"299 Shotwell St, San Francisco, CA 94110, USA","299, Shotwell Street, Mission District, San Francisco, California, 94110, United States",37.763765,-122.416136
"120 Topeka Ave, San Francisco, CA 94124, USA","120, Topeka Avenue, Silver Terrace, Bayview District, San Francisco, California, 94124, United States",37.7337056,-122.399105
"330 10th St, San Francisco, CA 94103, USA","Octane, 330, 10th Street, West SoMa, South of Market, San Francisco, California, 94103, United States",37.77210345,-122.4126809
"443 Bosworth St, San Francisco, CA 94112, USA","443, Bosworth Street, St. Mary's Park, San Francisco, California, 94112, United States",37.73306685,-122.4309934
"266 Hayes St, San Francisco, CA 94102, USA","Hayes Street, Civic Center, San Francisco, California, 94102, United States",37.77741667573168,-122.4188364
"162 Accacia St, Daly City, CA 94014, USA","162, Accacia Street, Bayshore, Daly City, San Mateo County, California, 94014, United States",37.70580186547592,-122.4155092
"72 Topeka Ave, San Francisco, CA 94124, USA","72, Topeka Avenue, Silver Terrace, Bayview District, San Francisco, California, 94124, United States",37.73412295,-122.4000335
"330 Oliver St, Daly City, CA 94014, USA","330, Oliver Street, Daly City, San Mateo County, California, 94014, United States",37.70552559,-122.4484452
"94 W View Ave, San Francisco, CA 94134, USA","94, West View Avenue, St. Mary's Park, San Francisco, California, 94134, United States",37.730945416666664,-122.4174868
"1599 Geneva Ave, San Francisco, CA 94112, USA","1599, Geneva Avenue, Crocker-Amazon, San Francisco, California, 94134, United States",37.712122978034365,-122.4294488
"499 Treat Ave, San Francisco, CA 94110, USA","499, Treat Avenue, Mission District, San Francisco, California, 94110, United States",37.762262,-122.413898
